,Cleaned Soft Skills
0,What ifs
1,seniority
2,familiarity
3,functionalities
4,Git Familiarity
5,Gradle Familiarity
6,Familiarity
7,conceptual data models
8,standard naming conventions
9,consistency
10,methodologies
11,high throughput data access services
12,analyzeprofile data
13,conceptual logical  physical data model designs
14,variances
15,discrepancies
16,all phases
17,integrations
18,Demonstrable experience
19,interpersonal skills
20,modern enterprise data architectures
21,data toolsets
22,eg data warehouse
23,data marts
24,Scala programming experience
25,Exceptional proficiency
26,each following distributed technologies
27,Distributed Queues
28,standard methodologies
29,similar cloud platform technologies
30,persuasion
31,experience building cloud environments
32,distributed consensus
33,standard W3C Web UI APIs
34,the following types frameworkslibrarieslanguages
35,JavaStrong programming skills
36,Proficiency
37,distributed troubleshooting
38,distributed code repositories
39,massively large scale distributed internet systems
40,Data modeling skills
41,Detail Design phases
42,interdependent technologies
43,analysis data modeling
44,big data pipelines
45,the Data Analytics team
46,data pipelines
47,AWS technologies
48,data visualization
49,Experience building flexible data APIs
50,data mining libraries
51,relevant SWE experience
52,XCode Experience
53,other SOA development experience
54,Highly efficient data persistent design techniques
55,data retrieval performance
56,Proficient experience
57,Strong interpersonal
58,eg Azure integrations
59,all relevant SOPs
60,Highspot’s Salesforce integrations
61,data formats
62,data transformations
63,highlyavailability distributed services
64,emerging technologies
65,Data annotation
66,strong Python coding skills
67,prior Active DirectoryLDAP experience
68,Interpersonal Skills
69,automation technologies
70,exploratory data analysis
71,synthetic data sets
72,the life cycle methodologies
73,the following development languages  frameworks  tools
74,sensitive data encryption
75,the following code versioning
76,modern JavaScript technologies
77,strong Java script skills
78, Familiarity
79,deep integrations
80,BDD Experience
81,distributed Database systems
82,specialized software engineering experience
83, Backend development experience
84,a seamless experience
85, data discretization
86,previous startup experience
87,eg data discretization
88,system integrations
89,NetSuite ERP experience
90,production integrations
91,ERP implementation experience
92,Excellent JavaScript development skills
93,Experience building API gateways
94,standard methodology solutions
95,Proven programming skills
96,Good problemsolving skills
97,Excellent verbal communication skills
98,Kotlin Multiplatform Experience
99,the backend Experience
100,Good verbal communication skills
101,all backgrounds
102,real time stream processing data pipelines
103,scalable data processing systems
104,Data Warehouse solutions
105,debugging skills
106,Experience building frameworks
107,relevant transferable technologies
108,data modeling
109, 2 years software QA experience
110, Proficiency
111,QA methodologies
112,Java development experience
113,Strong proficiency
114,Experience designing
115,container technologies
116,network troubleshooting experience
117,Experience managing networking devices
118,offline data storage
119, Experience producing andor consuming REST API s
120,Unixbased OS Experience
121,CICD technologies
122,our data pipelines
123,data warehouses
124,data analytics
125,a cross functional distributed team
126,a superlative user experience
127,Object Oriented Design skills
128,Basis Technologies DSP systems
129,existing data warehouses
130,full multisource data ingestion
131,data flow integrations
132,Google Cloud Platform data technologies
133,strong SQL skills
134,data warehouse technologies
135,Microsoft Azure SQL Data Warehouse
136,a Data Orchestration solutions
137,oral presentation skills
138,Excellent interpersonal skills
139,Relevant DevOps engineering experience
140,troubleshooting skills
141,all nonexceptional service conditions
142,Azure technologies
143,other technologies stakeholders
144,the Siebel Data model
145,Strong writtenverbal communication skills
146,all implementations
147,good interpersonal skills
148,M365 Security  Compliance  Strong PowerShell scripting skills
149,fundamental cloud technologies
150,Scope Key Candidate Skills
151,backend software engineering experience
152,our proactive experience
153,Ada’s builder experience organization
154,Required Skills Linux Spark
155,Optional Skills Azure Services Python Autosys
156,Software Development methodologies
157,one or more observability technologies
158,data mapping documentation
159,working familiarity
160,SAS programming experience
161,Excellent organizational skills
162,all documentation
163,quality Standard Data Tabulation Model
164,all deliverables
165,verbalwritten communication skills
166,PythonGoBash scripting experience
167,Strong Linux Systems Administration Experience
168,AnsiblePuppetChef experience
169,ConcourseZuulJenkins experience
170,all application deployments
171,data ingestion
172,Cloud Data platforms
173,Data Architectures
174,exposure o Dimensional Data Modeling
175,data loading tools
176,Continuous Integrations tools
177,WorkForce Software experience
178,equivalent work experience5 years experience
179,wireless technologies
180,networking technologies
181,a plus Automation experience
182,all the stakeholders
183,all tiers
184,CDW technologies
185,proficiency
186,relevant industry standard certifications
187,data governance skills
188,analytics skills
189,traditional data integration technologies
190,data replicationCDC messageoriented data movement
191,stream data integration technologies
192,stream analytics technologies
193,semanticlayerbased data discovery
194,agile methodologies
195,data deliverables
196,the data pipelines
197,strong interpersonal skills
198,detectionrelated security technologies
199,oriented analytic skills
200,Azure DevOps experience
201,Strong coding experience
202,3 years relevant experience Req Or Bachelors Degree Computer science
203,standard integration flows
204,enterpriselevel Data Governance
205,agile software development methodologies
206,a diverse distributed development organization
207,Python experience
208,emerging Google technologies
209,Enterprise Data Warehouse technologies
210,GCP Cloud data implementation projects experience
211,PythonAirflow experience
212,OneStream Implementation Support experience
213,demonstratable software development experience
214,distributed systemsmicroservices architectures
215,unstructured data
216,Handson experience designingdevelopingconsuming APIs
217,AWS experience
218,Follow engineering standard methodologies
219,Strong familiarity
220,other service mesh technologies
221,Android or iOS experience
222,CD methodologies
223,Agile development methodologies
224,professional handson Reactjs development experience
225,globally distributed websites
226, Excellent analytical skills
227, Good problemsolving skills
228,SAP Hybris experience
229,Strong interpersonal skills
230,thoughtful data driven decisions
231,all Agile ceremonies
232,demonstrable experience
233,CRM experience
234,effective testing methodologies
235,continuous integrationdelivery methodologies
236,problemsolving skills
237,high performing data streams
238,Nodejs Experience
239,Strong analytical skills
240,Cloud computing experience
241,all Kubernetes clusters
242,automation experience
243,automation skills
244,5 years demonstrable experience
245,an exceptional user experience
246,frameworks technologies
247,Helm experience
248,embedded software design experience
249,Experience programming microcontrollers
250,ARM CortexM experience
251,ARM CortexM Experience
252,Excellent problemsolving skills
253,IoT technologies
254,JavaOpen Source Technologies
255,ObjectOriented design skills
256,Unifying deployment methodologies
257,the individual’s technical skills
258,common skills shortages
259,Babel Experience
260,Jenkins  Experience
261,Hadoop Big Data
262,the most exciting data analytics projects
263, High proficiency
264, Converts complex data
265,Vulcan’s data platform
266,the company’s growing data warehouse environment
267,Web 20 technologies
268,exceptional organizational skills
269,Solid proficiency
270,Agile scrum methodologies
271,data modelling
272,Core Java development experience
273, RDBMS experience
274, Strong interpersonal skills
275,appropriate technicalanalytical skills
276,RDBMS andor NoSQL database technologies
277,Financial Services andor Software Consulting experience
278,Expert level Java programming skills
279,full stack development experience
280,those methodologies
281,DevOps technologies
282, AWS experience
283,containerization technologies
284,testing methodologies
285,Outstanding problemsolving skills
286,API development experience
287,Advanced proficiency
288,user behavior data collection framework
289,modern UI technologies
290, API andor webservice ownership experience
291,preferably VersaCloud technologies
292,SAML Integrations
293,Quality assurance experience
294,Security Assurance OR  Academic equivalent experience
295,Experience authoring detections
296,our distributed PKI infrastructure
297,Good general Linux  networking troubleshooting skills
298,Strong technical documentation skills
299,a globally distributed team
300, Strong problemsolving skills
301,teamwork skills
302,data classifications
303, Experience porting code
304,NoSQL data stores
305,Wellhoned skills
306,the Microsoft Azure Data Stack
307,Azure Data Lake
308,Azure data migration patterns
309,Agile methodology experience
310,Customerclientfacing consulting skills
311,Proven experience managing projects
312,Leverage experience developing software
313,data integrations
314,Martech data engineering
315,Google Analytics Experience
316,an elastic big data analytics platform
317,new cuttingedge display technologies
318,SaaS data models
319,Strong Backend experience
320,Multi Factor Authorization experience
321,Strong Backend Elixir experience
322,Frontend experience
323,third party integrations
324,Enterprise applicationintegration experience
325,Tier3 level supportApplication troubleshooting experience
326,Web ServiceRest APISOAP API integration experience
327,any general CRM backgroundsupport experience
328,Boomi platform experience
329,Confluent Cloud experience
330,API integrations
331,experience building complex frontend
332,distributed cloudnative applications
333,modern frontend technologies
334,Instructional design experience
335,hypervisor technologies
336,all flavors PostGresSQL
337,Lead data platform governance
338,internal data compliance processes
339, Lead data platform governance
340,functional French communication skills
341,Java Experience
342,Jira Experience
343,Big data implementations
344,Strong Relational Data Base experience
345,Unstructured Data
346,organizational skills
347,all statistical outputs
348,performanceoriented data structurealgorithm development
349,engineering standard methodologies
350,web backend technologies
351,test automation experience
352,Wifi  Cellular testing experience
353,coding experience
354,high volume data pipelines
355,Strong JavaScript skills
356,Strong TypeScript skills
357,Strong Nodejs skills
358,NoSQL database technologies
359,standard AWS technologies
360,Key CompetenciesSkills   Strong programming skills
361,software development methodologies
362,all engineering disciplines
363,all stakeholders
364,each increment
365,all standard resource libraries
366,Python advanced programming skills
367,advanced python programming skills
368, Desirable – Test development experience
369, Expertise level programming skills
370,all scripted aspects
371,Excellent troubleshooting skills
372,partner integrations
373,data ingestion solutions
374,a Team Strong creative problemsolving skills
375,Basic familiarity
376,modern distributed computing environments
377,an scalable data stores
378,large structured event data sources
379,tick data
380,data structuresalgorithms
381,aggregated data sets
382,data documentation
383,eg data lineage
384,Good Python coding skills
385,data visualization tools
386,the following C C Web API technologies
387,standard iOS user interface patterns
388,Neo’s data platform
389,operating data pipelines
390,data ingestions
391,our data lake or data warehouse
392,analytics data
393,meta data
394,Python Experience
395, BSBA or equivalent work experience
396,blockchain full nodesdatabase technologies
397, Excellent problemsolving skills
398,web UI technologies
399,backend development methodologies
400,strong organizational skills
401,data integration technologies
402,Agile methodologies
403,Qualifications  Skills
404,each successful referral
405,Experience interfacing test equipment
406,DDP Experience
407,DockerContainer Experience
408, Ø   Web application experience
409,Ø    Customer Support Experience
410,  ·        Software Proficiency
411,a must   ·        Strong problemsolving skills
412,Data Driven frameworks
413,distributed system concepts
414,Agile Test methodologies
415,our Lending andor Insurance technologies
416,agile software methodologies
417,Angular JS  · Experience
418,usercentric design  · Experience
419,debugging experience
420,data warehousing requirements
421,anticensorship technologies
422,appropriate standard software development life cycle methodologies
423,collaborative skills
424,data wrangling
425, Excel proficiency
426, Exceptional data wrangling skills
427,advantageous  Experience
428,Your natural problemsolving skills
429,all Agile rituals
430,JSON data
431,standard data specifications
432,nonERT standard client file specifications
433,incremental data file requirements
434,QC b Data resolutionmining c
435,the Learner Experience team
436,Hardware  Software integration experience
437,highly distributed product delivery environments
438,all escalations
439,a large distributed customer facing environment
440,Concept functionalities
441,webbased technologies  HTML5
442,data analyses
443,a data validation framework
444,data manipulation
445,Interpersonal skills
446,new data ingestion pipeline
447,cloud data warehouse structures
448,data dictionaries
449,our data pipeline processes
450,data cloud zones
451,data lakewarehouse
452,AWSbased data services technologies
453,large scale data environments
454,noninternship professional software development experience
455,CS data structures
456,distributed locking
457, Interpersonal Skills
458,strong problemsolving skills
459, BW4HANA experience
460, SAP S4HANA experience
461, Big Data  Cloud Technologies  Open Source Technologies  Predictive Analysis  Machine Learning
462,Kotlin Experience
463,Advanced debugging experience
464,good organizational skills
465,data visualisation experience
466,· Familiarity
467,Python · Experience
468,Martech integrations
469,These integrations
470,all integrations
471,digital data integrations
472,data “lifecycles
473,documentation skills
474,Strong organizational skills
475,JavaJ2EE technologies
476,Full stack development experience
477,a data visualization framework
478,Good interpersonal skills
479,all required subsystem documentation
480,all subsystem artefacts
481,functional discrepancies
482,general SQL experience
483,BillingCenter data models
484,Data Warehousing
485,Data Specifications
486,Ref  Config Data spreadsheet maintanence
487,Data Modelling Experience
488,security tool integrations
489,agile development methodologies
490,DevSecOps experience
491,the Snowflake Cloud Data Platform
492,Strong teaming skills
493,data warehouse fundamentals
494,data governance  tokenization
495,Mid level full stack web development experience
496,biz dev experience
497,Data Visualization
498,our data modeling
499,Problemsolving skills
500,Coding experience
501,Experience building deployment automation
502,DevOpsSRE experience
503,telemetry data
504,experience consuming
505,JavascriptJQuery experience
506,the following attributes
507,automated testing methodologies
508,cloud computing technologies
509,Agile Scrum project methodologies
510,All qualified applicants
511,data modeling tools
512,physical mental  interpersonal skills
513,Agile development experience
514, Substantial professional full stack software development experience
515,handson experience troubleshooting server class hardware
516,troubleshooting experience
517,ITIL Skills
518,Ansible experience
519,object oriented methodologies
520,quality coding skills
521,excellent debugging skills
522,active AgileScrum development methodology experience
523,AgileScrum development methodologies
524,Full Stack Technologies
525,PwC Professional skills
526,Microsoft Web Technologies
527,Strong SQL development skills
528,any other similar clientside web technologies
529,full lifecycle experience
530,data migration pipelines
531,Azure SQL Database Experience creating
532,Azure Data Factory
533,Microsoft Azure Experience
534,appropriate interpersonal styles
535,Experience coding
536,D365 API experience
537,all the latest Public Safety System software  hardware enhancements
538,Agile software development methodologies
539,interpersonal communication skills
540,Significant professional experience deploying
541,DevOps experience
542,A strong familiarity
543,Web Server technologies
544,experience developing custom components
545,data virtualization solutions
546,other data virtualizaion technologies
547,other DB technology familiarity
548,﻿ Mandatory Skills  Qualification Frontend development
549,Strong experience building HTMLCSS
550,a stellar client experience
551,multiple Database technologies
552,Microsoft IIS experience
553,new AWS technologies
554,virtualization technologies
555,Cloud Assessment Technologies
556,Very strong troubleshooting skills
557,Data ingestion
558,data access workflows
559,Data Warehouse related projects
560, Strong analytical skills
561,UI  User Experience Design
562,external world Root causetroubleshooting experience
563,Strong debugging skills
564,C embedded programming experience
565,data grids
566,XQuery  API Experience
567,A beautifully crafted gaming experience
568,data warehousing
569,the BI Data Pipeline
570,data testing frameworks
571,a modern data tech stack
572,Excellent quantitative skills
573,Cloud Data Warehousing
574,Data Modeling
575,all relevant target architectures
576,BB10 experience
577,the following processors
578,embedded experience
579,mDSPs Experience
580,4 years development experience building web interfaces
581,Excellent proficiency
582,Adobe Experience Manager
583,other frontend technologies
584,Python Java  JavaScript experience
585,Ample experience gathering requirements
586,our Cloud Data Pipelines
587,our Cloud Data Pipeline strategy
588,new streaming data pipelines
589,Data Schemas
590,Proven experience building data pipelines
591,the industry standard Selenium tool
592,innovative testing technologies
593,design methodologies
594,any scripting skills
595,the following domains
596,Proven experience leading complex Systems Engineering programs
597, Web FluxProject Reactor experience
598,project phases
599,scalability tuning experience
600,Java Android experience
601,the functional performance user experience requirements
602,formal software testing methodologies
603,Required Interpersonal Skills
604, Required Interpersonal Skills
605, Exceptional customer service skills
606,Experience building cross browser applications
607,Data Insights
608,all other sedentary criteria
609,•	5 years Continuous Integration Build  Deployment Automation skills
610,Postgres Experience
611,strong organisational skills
612,Clinical Data Repository
613,3D Graphical data
614,successful integrations
615,Basic Github experience
616,all other AWS cloud services
617,most AWS technologies
618,AWS native technologies
619,Intermediate knowledge Industry software development methodologies
620,Intermediate proficiency
621,Vue Intermediate proficiency
622,innovative thinking skills
623,progressive postbaccalaureate IT experience
624,   Familiarity
625,data warehouse solutions
626,Boot  Security  Data JPA  Data Elasticsearch  Kafka
627,distributed application architectures
628,FullStack skills
629,agile project methodologies
630,MongoDB  Experience
631,Salesforce technologies
632, Advanced JavaScript framework experience
633, Dev experience
634,Python scripting experience
635,Strong python skills
636,AKS experience
637,Strong problemsolving skills Responsibilities
638,all desktop hardware
639, Strong organisational skills
640, Strong documentation skills
641,coordination skills
642, Strong SQL skills
643,crossbrowser crossdevice layout skills
644,Startup experience
645,Demonstrable skills
646,complex catalog development experience
647,ServiceNow development experience
648,all organizational levels
649,other Azure data service
650,Required Proficiency
651,Required Excellent problemsolving skills
652,Required Experience writing clientserver applications
653,Desired Proficiency
654,IoT data
655,multithreaded serverside web application development experience
656,Strong Java skills
657,Objectoriented design experience
658,Dev Ops Systems engineering experience
659,the following frameworks
660,NoSQL Experience
661,Kafka Experience building cloudbased RESTful applications
662,Adobe LiveCycleAdobe Experience MangerWorkbench Preferred
663,Advanced troubleshooting skills
664,Interpersonal Relationships Working experience
665,Mainframe technologies
666,thorough communication skills
667,Thorough experience
668,analytical skills
669,"
         Python Django Lead   Experience"
670,Python coding skills
671,Azure deployment experience
672,premise data centers
673,• NoSQL technologies
674,Integrations
675,the latest opensource Java technologies
676,JAVA programming skills
677,Excellent Ruby Skills
678,3 Proficiency
679,a largescale data warehouse environment
680,software lifecycle development experience
681,most standard peripherals
682,robotics  Experience
683,circuit diagrams  Experience
684,Candidate’s Profile Job Experience
685,Informatica Big data Developer
686,100 agileSCRUM methodologies
687,development methodologies
688, Excellent interpersonal skills
689,Streaming video technologies
690,· Virtualization experience
691,Hook JavaScript syntax Strong experience
692,Solid experience w software deployment
693,Behavioural Skills
694,Cloudbased data warehouse
695,existing data processing workloads
696,the enterprise data warehouse
697,overall experience building data warehouse solutions
698,solid data modeling skills
699,Cloud Data Warehouses
700, data Warehouses platform
701,complex data transformations
702,DevOps • Experience
703,automated testing • Experience
704,Strong OOPS programming skills
705,OOP experience
706,	Strong debugging skills
707,all deliveries
708,● Extensive experience
709,data aggregation layers
710,● Experience
711,streaming data ● Processing events
712,● Extensive work experience
713,● Prior experience
714,MavenAnt ● Strong practical experience
715,the JavaScala based data pipelines
716,the latest UI technologies
717,distributed architectures
718,one or more persistence technologies
719, Jaipur  Hybrid  Experience
720,Working proficiency
721,optimal data pipeline architecture
722,tolerant data pipelines
723,daemonsets statefulsets etc Compliance experience
724,Organizational skills
725,Key Skills Linux
726,Container technologies
727,Network admin experience
728,API based web services experience
729,a globally distributed multinational team
730,ORM technologies
731,Basic unix shell scripting skills
732,Infrastructure automation technologies
733,gRPC experience
734,the latest frontend technologies
735,Java  J2EE technologies
736,● Handson experience
737,drill ● Experience
738,Laravel Experience
739,Highly developed processoriented skills
740,a delightful experience
741,brand consistency
742,Automotive Infotainment  Experience
743,HMI  MW development  Experience
744,TunerMediaBluetooth  WiFi Certification experience
745,Cardova Experience
746,a publicly available consumerfocused web application Solid experience
747,jQuery Experience
748,web development methodologies
749,Angular Experience
750,NgXs Experience
751,Gulp Experience consuming REST APIs TDDBDD experience
752,Exceptional learning skills
753,OOP Basic skills SOLID Principles
754,Web API Experience
755,Core Hosting servicesSecondary Skills
756,3rd party application integrations
757,data governance practices
758,disparate data sources
759,Dashboard experience
760,modern data stack tools
761,supportability Experience
762,corresponding metadata Experience developing ETL processes
763,Data Warehouse data sets Experience producing estimates
764,WMS integrations
765,prioritisation skills
766,preferred Desired Skills
767, Strong Coding skills
768,Rich DevOps skills
769,Standard platforms  expertise
770,Debugging skills  ability
771,Data Profiling
772,deep functional integrations
773,large scale Java centric enterprise application systems Strong PEGA 8 technical skills
774,●    Prior experience
775,●    Extensive experience
776,●    Experience
777,Previous experience Eclipse IDE
778,●    Strong clientside web development skills
779,enterprise software implementation experience
780, At least one productionized blockchain experience
781,blockchain development experience
782,the SaaS experience
783,standard DevOps principles
784,container orchestration technologies
785,Minimum10 years experience
786,Minimum 10years experience
787,all IBM Utilities
788,Strong SQL Skills
789,both integrations
790,Strong SQL Server  TSQL experience
791,Strong Database admin experience
792,crossfunctional distributed teams
793,Excellent organisational skills
794,Salesforce development experience
795,Analytical Skills
796,each others code
797,data visualisation
798,Git Experience
799,each other overcome roadblocks
800,cloudnative distributed systems
801,Ideally some web front end experience
802,Ideally some experience
803,new technological skills
804,Backend applications development experience
805,agile experience
806,5 years related progressive postbaccalaureate experience
807,the following toolstechnologiesframeworks
808,software QA methodologies
809,scalable distributed data pipelines
810,Data Pipelines
811,data science analytic techniques
812,big data system architectures
813,Boeing Standard Wire Practice Manual
814,Airbus Electrical Standard Practices Manual
815,all new functionality
816,Excellent analytical skills
817,the Data Engineering Teams workflows
818,standardised data ingress  egress procedures
819,cinchs data
820,data breaches
821,experience developing backend software
822,ideally leadership skills
823,Java Knowledge  experience
824,Additional valued skills
825,Solid Swift iOS experience
826,Xcode experience
827,Networking skills
828,Angular 8 experience
829, Magento experience
830, Experience writing APIs
831,Persuasion
832,unstructured data sources
833,Java application phases
834,applications computing technologies
835,Experience Bachelors degree
836,various project methodologies
837,Unreal experience
838,Blueprints experience
839,all our stakeholders
840,any software design methodologies
841,Kafka andor Workflow Engine  Experience
842,standard demos
843,the following tech stack
844,Linux experience
845,core infrastructure technologies
846,unfamiliar technologies
847,bestpractice integrations
848,data parsing
849,structured data
850,Creative problemsolving skills
851,the MSP experience
852,engineering methodologies
853,the following statically typed language
854,the following dynamically typed language
855,all facets
856,design phases
857,ObjectOriented methodologies
858,Outstanding debugging skills
859,their data initiatives
860,our data pipeline architecture
861,data pipeline architecture
862,robust data
863,a data wrangler
864,Data visualization skills
865,Agile SCRUM methodologies
866,basic AWS networking skills
867,VMware Distributed Switches
868,data center modernization
869,all stake holders
870, VMWare – Data Center Virtualization
871,Champion technical standard methodologies
872,Essential Data visualisationuser experience design skills testing solutions
873,Food retail or FMCG experience
874,a CSCSECS skills card
875, Validation experience
876,all CSV related queries
877,all CSV related control elements
878, Design Software or CAD experience
879,Matlab  UML based Design methodologies
880,all respects
881,BS 7671 standard
882,Supervisory experience
883,data warehouse modernisation
884,data architecture roadmaps
885,data warehouse platforms
886,ReactJS experience
887,Fully Embedded Software Lifecycle Experience
888,TestDesirable Experience
889,CAD experience
890,Excellent communication  interpersonal skills Computer literate MS Office package
891,strong development frontend skills
892,other PHP MVC experience
893,organisational skills
894,Strong SQL skills
895,other data visualizations
896,verbal communication skills
897,MySQL experience
898,Adobe Photoshop or Illustrator experience
899,related data marts
900,enterprise data warehouse solutions
901,Data Warehouse methodologies
902, Comprehensive documentation skills
903,Microsoft Data Export Service
904,NiFi Experience
905,a proficiency
906,Proven problemsolving skills
907,the standard methodologies
908,· Excellent interpersonal skills
909,data interface processes
910,the modern data engineering ecosystem
911,Professional animation programming experience
912,SQL composition skills
913,Exceptional coding experience
914,Gitflow Experience
915,Java GUI development experience
916,SWINGAWT Experience
917, Expert proficiency
918,agile development experience
919,a diverse globally distributed team
920,HTMLCSS experience
921,Experience deploying
922, Technologies Azure
923,9 years SQL experience
924,standard Agile methodology
925, 3 years HTML 5 experience
926,applicable test phases
927,data synthesis
928, Commissioning experience
929,delighted user experience
930,scalable data pipelines
931,breed Cloud technologies
932,various test methodologies
933,good familiarity
934,thirdparty integrations data flows
935, Professional Java development experience
936,other AWS technologies
937,topnotch communication skills
938,all internal stakeholders
939,all CDW customers
940,ITIL methodologies
941,all appropriate Manufacturer Accreditations
942,Data Analytics
943,distributed multitiered systems
944,a fastpaced environment  • Experience
945,problemsolving Skills
946,Programming proficiency
947,an optimal consumer experience
948,• Good interpersonal
949,rapidly changing cloud technologies
950,all data lifecycle stages
951,G140 Work Experience
952,data analysts
953,cloud data warehouses
954,Agile · Handson experience
955,JIRA   Soft Skills · Good documentation
956,Excellent interpersonal
957,distributed event driven microservices architecture
958,project management methodologies
959,Experience empathy
960,GIT repositories o Experience
961,the User Experience UX team
962,backend data services
963,qualifications ·      Previous working experience
964,JQuery Expert ·      Experience
965,MySQL ·      Experience
966,PLM Domain experience
967,• Proficiency
968,experience building micro servicesAPIs
969,large scale distributed backend systems
970,Data WarehouseTeradata
971,their proficiency
972, Leverage expert development skills
973, Strong coding experience
974,Building API data
975,JavaJ2EE Development Extensive technical experience
976,JPA2 Hibernate Experience
977,newer cuttingedge technologies
978,Strong interpersonal communication skills
979,interactive consumer data
980,data implementation specialists
981,Data Logging
982, Problem solving skills
983,   ·      Different delivery methodologies
984,a strong familiarity
985,Skills Javascript
986,outstanding interpersonal skills
987,backed technologies
988,XPAgileSCRUM development methodologies
989,all coding standards
990,all agile ceremonies
991,25 years JavaJava Enterprise Edition development experience
992,JEESpring Framework experience
993,NumPy Experience
994,CNET ·       Proficiency
995,a scalable application ·       Experience
996,Automation experience
997,Automotive domain experience
998,OEMOnsite experience
999,test driven methodologies
1000,threat modeling experience
1001, Minimum 2yr Experience
1002, Minimum 1yr experience
1003,ScrumAgile development methodologies
1004,largescale distributed designs
1005,Azure Experience managing
1006,Hackathon experience
1007,Excellent HTMLCSS skills
1008, NoSQL technologies
1009,Queueing system experience
1010,Experience building API products
1011,testdriven methodologies
1012,Significant proficiency
1013,tolerant distributed systems
1014,new data pipelines
1015, Canadian broker experience
1016,IT SDLC lifecycle phases
1017,Strong business processsystem analytical skills
1018,Demonstrated client facing skills
1019,caching technologies
1020,UX consistency
1021,handson experience debugging complex embedded software
1022,Demonstrated embedded system software development experience
1023,QualCOMM SoC multimedia applicationdriver development experience
1024,embedded system software development experience
1025,industry standard specifications
1026,WWAN modem development specific experience
1027,applicable wireless semiconductor andor embedded software industry experience
1028,processing analytics data
1029,backend technologies
1030,"
        Azure data"
1031,Data Mart
1032,Data Bricks
1033,Data manipulationData Engineering Data Profiling
1034,Big Data Analytics
1035,Data Marts
1036,various data science algorithms
1037,Skills Cloud Computing
1038,batch data processing applications
1039, Skills Apache
1040, Skills Flutter
1041,all the development phases
1042,Experience testing microservicesbased multitiered web applications
1043,UI skills  HTML
1044,Snowflake Cloud Data warehouse
1045,Snowflake cloud data warehouse
1046,Azure data storage
1047,complicated data pipeline related problems
1048, Certified Snowflake cloud data warehouse Architect
1049,Good Grasping  problemsolving skills
1050,other development methodologies
1051,business functionalities
1052,various phases
1053,Database Programming skills
1054,diverse technologies
1055,multiple integrations
1056,Selfmotivated good interpersonal skills
1057,	Familiarity
1058,CocaCola’s Adobe Experience Platform
1059,Adobe’s Experience Cloud ecosystem
1060,TCCC’s enterprise data lake
1061,Adobe Experience Platform
1062,Marketing Automation experience
1063,iterative software delivery methodologies
1064,personal PII data privacy
1065,a multinational distributed team
1066,classroom experience building applications
1067,classroom experience building HTML
1068,fundamental data modelling
1069,BW Query development experience
1070,Desirable BW4HANA development experience
1071,BI presentation tool development experience
1072,strong microservice cloudnative architecture experience
1073, Effective crossfunctional leadership skills
1074,relational database technologies
1075, Strong Object Oriented programming skills
1076,Superb organizational skills
1077,envisaged functionalities
1078,Data Networking technologies
1079,Data Warehouses
1080,Archival Data Integrations
1081,Continuous Data Transformation Processes
1082,modelling data
1083,the following databases
1084,data query patterns algorithms
1085,AgileDevOpsSite Reliability Engineering experience
1086,uncharted web technologies
1087, C programming languages skills
1088,WPF experience
1089,complex code data scripts
1090,Data Platform  Warehouse  Lake engineering
1091, Excellent SQL skills
1092,Data Governance processes
1093,Eg Data Profiling
1094,all product deliverables
1095,3rd party integrations
1096,Outstanding end customerconsumer relationship skills
1097,negotiation skills
1098,all development deliverables
1099,all inquiries
1100,experience coding
1101,at least 3 yrs experience
1102,● Experience
1103,● Extensive experience
1104,Azure Data Engineers
1105,data mapping
1106,data formatting
1107,Lean  Agile development methodologies
1108,data modeling concepts
1109,PHP experience
1110, Unit testing methodologies
1111,various data migration projects
1112,data visualisation tools
1113,Data Analysts
1114,Data Architects
1115,Desirable skills
1116,Exceptional problemsolving skills
1117,technical proficiency
1118,MATLAB or Labview experience
1119,all new product introductions
1120,scripting skills
1121,Ideally at least 1 year QA experience
1122,Demonstrable Software Development experience
1123,good troubleshooting skills
1124,Data Partitioning
1125,Data importexport processes
1126,Microsoft web technologies
1127,Relational database experience
1128,relevant experienceHandson experience
1129,PHP Handson experience
1130,PHP Unit PHP Spec CodeCeption Experience
1131,Docker Experience
1132,calibration data
1133,each sensor
1134,Development or deployment experience
1135,complex integrations
1136,standardized test methodologies
1137,Analog  Digital IC testing methodologies
1138,all programmers
1139,all assigned statistical programming deliverables
1140,Good SAS experience
1141,CDISC data structures
1142,other scripting technologies
1143,whiteboarding skills
1144,Presales experience
1145,Strong Object Oriented Programming Skills
1146,third party API Integrations
1147,developing methodologies
1148,new interactive technologies
1149,Azure experience
1150,coding skills
1151,the following ObjectOriented Programming Languages C
1152,Frontend Technologies
1153,Vue Experience writing unit test cases
1154,standard secure coding practices
1155,optimization skills
1156,professional or internship programming experience
1157,Nodejs experience
1158,spatial data platforms
1159,big data architectures
1160,spatial data queries
1161,computer driven distributed data processing
1162,Angular experience
1163,ERP application experience
1164,all project deadlines
1165,complex business functionalities
1166,strong interpretive skills
1167,applications development methodologies
1168,Big data frameworks
1169,Data Modelling
1170,Data Visualisation tools
1171,Cyber security experience
1172,Consultative – strong sales skills
1173,technical consulting experience
1174,automated testing experience
1175,Desirable Skills
1176,Bootstrap Experience
1177,advanced data modeling concepts
1178,Strong objectoriented design skills
1179,UI technologies
1180,AppleMac technologies
1181,    Skills  Requirements Strong full stack developer
1182,distributed microservices
1183,serverless technologies
1184,strong analytical skills
1185,Dynamics CRM experience
1186,Excellent OOP skills
1187,● Very good soft skills
1188,FlaskDjango  Experience
1189,Cross Cultural Experience Organization Scope
1190,experience Salesforce development experience
1191,BULK API Experience building integrations
1192,Certified Platform Developer II Experience
1193,Agile methodology Experience
1194,Debugging Skills
1195,Agile or Scrum software development methodologies Ability
1196,the data warehousing team
1197,dimensional data models
1198,Strong technical server administration  performance tuning skills
1199,DartFlutter coding standard
1200,all quadrants
1201,Laravel Framework CodeIgniter Minimum experience
1202,– Lead Java Developer Experience
1203,Java technologies
1204,any other automation Technologies  tools
1205,good mentoring skills
1206,iterative development methodologies
1207,C  any OOPs language software development experience
1208, Experience programming database APIs
1209,SQL based data bases
1210,any MVC Framework Experience
1211,  MongoDB  Redis Experience
1212,stack technologies
1213,analytical problemsolving skills
1214,polished tech skills
1215,data warehouse projects
1216,SDLC  • Experience
1217,experience relational data model
1218,Azure Data Factory Service
1219,Tabular Model  • Experience
1220,  Familiarity
1221,Excellent code designing skills
1222,Data modelling
1223,Data validation checks
1224,Automotive embedded software development experience
1225, • Experience CC Embedded software development
1226,RTOSNon RTOS platform • Experience
1227,Python Go Ruby JavaScript ShellBash Scripting Java HTML5  CSS experience
1228,TDD methodologies
1229,all Networking hardware
1230,various Mobile OS Experience
1231,JavaSwift experience
1232,NoSQL data storage systems
1233,postbachelor’s degree experience
1234,data extraction
1235,multiple disparate data sources
1236,data model optimization
1237,different data modeling techniques
1238,MSSQL server RDBMS experience
1239,Agile Methodologies
1240,Handson familiarity
1241,Strong JavaKotlin development experience
1242,Strong interpersonal communication
1243,native Android applicationsExtensive handson development experience
1244,Java  KotlinExtensive experience
1245,Experience withDocker
1246, API security methodologies
1247,data listings
1248,Your Key Attributes  Strong data analysis
1249, Proficient Python Coding Development Experience
1250,· Experience designing
1251,Container Platform  Kubernetes technologies
1252, DevOps Experience
1253, Containerization Experience
1254,cloudbased data pipeline development
1255,Data FactoryGCP
1256,Big Data Stacks
1257,Strong experience building data ingestion pipelines
1258,distributed computing principles
1259,MQ technologies
1260,the following Hybris modules
1261,Excellent problem solving skills
1262,IoT Data Platform architectures
1263,English proficiency
1264,BashBig Data stack
1265,RedisSolid Cloud experience
1266,Data Technology Consultants
1267,data cataloging
1268,data quality metricsmonitoring
1269,local storageGood experience
1270,your fullstack development skills
1271,groundbreaking technologies
1272,modern coding methodologies
1273,data gateways
1274,all software verification  integration
1275,4G5G SW development experience
1276,Demonstrable CC programming experience
1277,streaming technologies
1278,building backend data services
1279, Experience building high scale EventDriven Architecture
1280,Python Data Science Libraries
1281,Data AnalysisData CleaningFeature EngineeringModellingTestingValidation
1282, AUTOSAR system development experience
1283,Experience consuming web services
1284,the data warehouse base layer data models
1285,the company’s data lakedata warehousing strategy
1286,Expert Python coding skills
1287,data warehouse principles
1288,data warehouse stores
1289,exceptional client experience
1290,the following cloud technology platforms
1291,CDN technologies
1292,lean agile methodologies
1293,XDR technologies
1294,IntelliJEclipseVisual CodeWebStorm  Experience
1295,Strong SQL coding skills
1296,excellent interpersonal skills
1297,Strong problemsolving skills
1298,handson fullstack development work experience
1299,data enhancement purposes
1300,PowerBI or data visualization tools
1301,Microsoft Azure cloud development experience
1302,Serverside scripting skills
1303,all applicants
