,Cleaned Hard Skills
0,What ifs
1,seniority
2,Lambdas
3,JPA2
4,Hibernate
5,MyBatis
6,Gradle Familiarity
7,jenkins
8,bamboo
9,methodologies
10,variances
11,discrepancies
12,all phases
13,STEM majors
14,Strong algorithms
15,coding background
16,MySQL
17,Clickhouse
18,AWS Kinesis
19,AWS
20,persuasion
21,python shell
22,TCPIP
23,zmq
24,grpc
25,docker
26,kubernetes
27,etcd
28,envoy
29,vault
30,sqlnosql
31,CAP Theorem
32,RAFT
33,Paxos
34,Github
35,Makefiles
36,GCPNodejs
37,PerlExperience
38,binary protocolsExperience
39,Redis
40,algorithms
41,Meteor
42,Knockout
43,Async Module Definition
44,AMD requireJS
45,commonJS
46,Redux
47,RxJS
48,lambdas
49,optionals
50, EclipseNetBeansIntelliJ
51,SpringGuice
52,JPAHibernate
53,JavaExperience
54,heap
55,MongoDB
56,Java Application Servers
57,JBoss
58,Protractor
59,Guice
60,GRPC
61,BTechBS
62,Provendeepexpertise
63,Django
64,Flask
65,H20
66,Mesos
67,QML
68,QtC
69,RasPi
70,BeagleBone
71,DevOps engineers
72,scaling
73,customisation
74,internationalization
75,extensions
76,directional paths
77,Myntra
78,multimillion sessionstransactions
79,JavaGO
80,Bachelor
81,JSTypeScript
82,Webpack bundling
83,HTML5
84,SCSS
85,Mysql
86,Detail Design phases
87,congruence
88,the compatibility
89,HighQuality Deliverables
90,cleanliness
91,Inputs
92,datasets
93,Handles
94,Programs TLFs
95,supervisor
96,EAC
97,documents timelines
98,BIOSETUP
99,SAP
100,shells
101,Shares accountability
102,define xmls
103,SDRG
104,ADRG
105,RFPs
106,bid defenses
107,CDISCADaMSDTM
108,SASSTAT
109,Coda
110,Redshift
111,EC2
112,DynamoDB
113,another columnar store DW
114,HadoopMapReduceAWS
115,a datasoftware developerscientist
116,data mining libraries
117,the AppStore
118,deadlines
119,selfstarters
120,Nhibernate
121,Nunit
122,xUnit
123,designsqueries
124,a DevOps model
125,uniformity
126,UWP
127,XAML
128,Notifications
129,DevOps
130,TFS
131,VSTS
132,Portable Class Library
133,PCL
134,SQLite
135,urgency
136,CRM
137,caches
138,indexes
139,as well as with DevOpsSiteReliability
140,containerization
141,Clojure
142,the norms
143,robust code
144,a biotechnology
145,annotation
146,documentation
147,your sleeves
148,Elasticsearch
149,yearly conferences
150,an important and communicative part
151,workarounds
152,promptly followup
153,DevOPS
154,Selfstarter
155,Proxies
156,SSLIPSec
157,tcpdump
158,Zendesk
159,billions
160,tooling
161,sklearn
162,SparkML
163,pandas
164,Keras
165,GNN
166,RL
167,embeddings
168,efficacy
169,Analyzes
170,debugs
171,manuals
172,the ACI Code
173,OpenShift
174,K8 cluster
175,other frameworkstools
176,NginxIngres
177,TortoiseGit  Sourcetree
178,Mockito
179,Application Servers
180,Database Servers
181,MSSQL
182,Linux
183,JAXB
184,Apache Commons
185,Apache POI
186,XML
187,XSD
188,DDL
189,DML
190,liquibase
191,LiveView
192,Rails
193,Sinatra
194,Exq
195,Sidekiq
196,RabbitMQ
197,ExUnit
198,RSpec
199,Jest
200,pytest
201,Absinthe
202,subscriptions
203,esports
204,Deployment
205,eg ClickHouse Druid
206,InfluxDB
207,verbally documentation
208,ReactJS
209,HTMLCSSSASS
210,Mocha
211,DevOps Deployment process
212,BDDTDD
213,the Flux Design Pattern
214,a Final Gatekeeper
215,hotfixes
216,eg Bash
217,NewRelic
218,Stackdriver
219,Sumo Logic
220,CloudWatch
221,BuckBazel
222,identifiable factors
223,precedent
224,RESTGraphQL
225,SQLNoSQL Databases
226,scalability
227,AWSAzureGCP
228,Micronaut
229,Quarkus
230,FaaS
231,bugfixes
232,the Terraform CLI
233,curiosity
234,PhD
235,sampling
236,SVMs
237,HTTPSSSL
238,VLANs TCPIP
239,Genuine excitement
240,Industry certifications
241,CCNA
242,CCDA
243,CCNP
244,MCSE
245,CEH
246,Microsoft Azure
247,CSP
248,Linux systems
249,bandits
250,an intuition
251,haves
252,learningPrediction  Inference
253,customizations
254,NetSuite
255,Avalara
256,bank electronic fund transfers
257,the smooth functioning
258,Salesforcecom
259,SuiteScript
260,SuiteFlows
261,delays
262,threadingconcurrency
263,message queues
264,UIs
265,TPM
266,tasking
267,VMcontainer management
268,certificates
269,Observance
270,maturity
271,newlylearned knowledgepatterns
272,SwiftUI
273,Bitbucket
274,TDD
275,RxJavaRxKotlin
276,Jetpack Compose
277,all backgrounds
278,SLI
279,SLO
280, Augment instrumentation
281,TTR
282,Toil
283,KibanaGrafana
284,saltstack
285,PythonKotlinGo
286,Quic
287,HTTP2
288, Recommends
289,snoop
290,UDP
291,Operability
292,Resilience
293,full region failover
294,selfservice tooling
295,ansible puppet
296,python
297,strict SLAs
298,Affirm
299,MapReduce
300,internal tooling
301,Empathy
302,practitioners
303,Raft and Paxos variants
304,TDDs
305,modularity
306,ObjC
307,uguiuitoolkit
308,Addressable Assets
309,WebSockets
310,Subversion
311,toolchains
312,Mac OSX
313,preferably MySQL
314,Lua
315,Puppet
316,web3js
317,gulp
318,sass
319,typescript
320,JavaJEE
321,Fluency
322,Vertx
323,maven
324,gradle
325,redis
326,dynamodb
327,cassandra
328,eg Flask
329,Deployment automation
330,Webpack
331,VMs
332,Linux containers
333,matchmaking
334,adaptability
335,NodeJS
336,AWS platform
337,RocksDB
338,indicators
339,NPMYarn
340,crossbrowser compatibility issues
341,UXuserempathy
342,SMTP
343,VMware
344,ie Puppet
345,estimations
346,willingness
347,Nextjs
348,aesthetics
349,Kotlin
350,CameraX Dagger2
351,KMM
352,VueJS
353,Bamboo
354,sponsorship
355,Sonatype
356,Haskell
357,explorations
358, HBase
359, AWS
360,Jupyter Notebook
361,WCF
362,dependency injection
363,OAuth
364,TSQL
365,NAME
366,SeleniumGherkin
367,Speckflow
368,mocking
369,Gherkin
370,Specflow
371,derived datasets
372,conjunction
373,computing applications
374,3Pillar
375,interns
376,AngularJS
377,nUnit
378,MultiThreading
379,metrics
380,delegate
381,generics
382,system and applications deployments
383,software deployments
384,eg Debian Ubuntu CentOS
385,SaltStack
386, MongoDB
387,Bash
388,sharding
389,replication
390,premise
391,EGSE
392,satellites
393,proper repeatability
394,board processing payloads
395,Direct Radiating Array DRA Antenna
396,Flexible payload
397,MultiPort Amplifier
398,link budget calculation
399,payload
400,licensing
401,Montr√©al
402,GitSVN
403,TLS
404,GUI tools
405,VSphere
406,VirtualBox
407,the right tooling
408,deployments
409,datacenters
410,the Azure platform
411,PowerShellPythonothers
412,SQLCosmosMongoPostGreSQL
413,instrumentation
414,accountability
415,personas
416,Oracle Siebel
417,Middleware
418,conformity
419,compatibility
420,the OnsiteOffshore model
421,desired business outcomes
422,audits
423,WSDLs
424,XSDs
425,XSLT
426,XMLs
427,ErrorException Handling
428,the Siebel Data model
429,our merchants
430,VxWorks
431,RTX64
432,RTEMS
433,EtherCAT
434,ATDD
435,BDD
436,RMS
437,SSPR
438,ATA
439,FIMMIM
440,Qualifications
441,a definite asset
442,SAML
443,device authentication
444,Sentinel
445,Intune
446, Permissions
447,Archiving
448,eDiscovery
449,Microsoft 365 security and strategy discussions
450,HSM
451, VPC Security
452, ATP
453, CASB
454,usability
455,Salus
456,AppSec
457,Mentoring
458,gaps
459,inefficiencies
460,testability
461,JavascriptTypescript
462,accessibility
463,clarity
464,Required Qualifications
465,highperforman ce
466,HiveQL
467,Linux enviroment
468,shell scripts
469,the timings
470,Tez
471,their workspaces
472,artifact management
473,workspace management
474,the drafting
475,toil
476,incident postmortems
477,MTTR
478,VictoriaMetrics
479,Datadog
480,Zabbix
481,SLIs
482,SLOs
483,sponsors
484,TFL output
485,TFL shells
486,tabulation
487,Lead Biostatistician and Project Manager
488,progression
489,pharmaceutics
490,Sponsors
491,CDASH
492,all documentation
493,Annotate case report forms
494,CRFs
495,XML documents
496,consultations
497,timelines
498,Listings
499,corrections
500,Dataset
501,Define XML
502,PDFs
503,Reviewers Guides
504,Veristat
505,abstracts
506,posters
507,manuscripts
508,robust architecture
509,Code  Terraform
510,gcloud CLI
511,GKE
512,Airflow deployments
513,Peer AWS
514,firewall rules
515,Sqoop
516,HBase
517,Impala
518,BSTM
519,Datahub
520,Hbase
521,analytics
522,Flume
523,HBASE
524,Workflows
525,eg AVRO
526,ORC
527,Parquet
528,productsBuild
529,applicationsWork
530,reflectionWe
531,Xero
532,casesKnowledge
533,backbone
534,TestCafe
535,SeleniumHave
536,AWS CodeBuildExperience
537,their workHave initiative
538,a willingness
539,the extra mileAbility
540,MSc
541,Assembler
542,Gerrit
543,‚ÄúEEA
544, Bachelor
545,AOSP
546,Linux kernel
547,SELinux
548,LineageOS
549,Triage
550,humility
551,git
552,subversion
553,mongodb
554,shotgun
555,shotgrid
556,TCPIP LAN switching
557,Ixia
558,ESXIHyperVKVM
559,VM
560,wireless protocols
561,80211ac
562,80211ax
563,WPA
564,WPA2
565,WPA3
566,Sling
567,Sling Models
568,Servlets
569,schedulers
570,Dialogs
571,Templates
572,ClientLibs
573,Storybookjs
574,the forefront
575,Determines
576,demo lab
577,Calc
578,shadow assignments
579,Advises
580,renewals
581,contractIncorporates financing
582,CDWGuides
583,contrasts
584,all tiers
585,eg Cisco
586,McAfeeJuniper
587,NetApp
588,credibility
589,ISA
590,AE
591,fine tunes strategies
592,geography
593,COBIT
594,CISM
595,underwriting
596,GOSU
597,Dependency management
598,Gradle
599,Nexus
600,Artifactory
601,GIT
602,SVN
603,AWS Redshift
604,AWS Aurora
605,Apache Nifi
606,Qlik
607,KNIME
608,Alteryx
609,certification
610,AWS Elastic Container Service
611,increasingly DataOps
612,reuse
613,the accessibility
614,SOC management
615,Normalization
616,Correlation
617,Aggregation
618,correlation metrics
619,filters
620,AntiVirusEndpoint Protection
621,finetuning
622,PCF
623,Aqua Security platform
624,PCI DSS
625,Firewall
626,FTP
627,SSL
628,YAML
629,B2B
630,B2C
631,aspiration
632,spec
633,Brainstorm
634,the codebase
635,Appium
636,E2E Smart Devices
637,PyTest
638,BlazemeterJMeter
639,Devs
640,Blazemeter
641,the middleware platform
642,SAP CPI
643,Ariba
644,Fieldglass
645,Salesforce
646,LogicMonitor
647,intelligent operational management
648,techops
649,a multidomain expert
650,a Java developer
651,SQS
652,eg MySQL
653,Test frameworks
654,JUnit
655,WireMock
656,eg ELB
657,SNMP
658,TCP
659,SMIS
660,eg Telegraf
661,collectd
662,FluentD
663,Netflow
664,IOPS
665,Netezza
666,Teradata
667,BEBTechMSMTechMCAMBA
668,OneStream
669,incubations stage
670,simplicity
671,durability
672,our coworking
673,flex spaces
674,ReactJS framework
675,hooks
676,tactical todos
677,ExpressJS
678,NestJS
679,ML engineers
680,our AIOPs
681,potential systemic pain points
682,BTechMCA
683,EKS
684,GoLang
685,JavaScriptTypescript
686,yarn
687,CSEngineering
688,a bootcamp grad
689,Relay
690,TypescriptES6
691,LessSass
692,the renewable market
693,the APEGA
694,OIQ
695,notifications
696,a DevOps mindset
697,containerisation
698,k8s
699,KubeFlow
700,MLFlow
701,animations
702,Sass
703, ReactJS
704,Yarn
705, Bilingualism
706, Static site generation
707,Gatsby
708,Nuxt
709,SMEs
710,Bounteous
711,code deployments
712,CPQ
713,BABS
714,Emberjs
715,eg Emberjs
716,eg LinkedIn Learning
717,product documentation
718,Some latitude
719,independent judgement
720,JS
721,asynchrony
722,communications and data protocols
723,domain authentication
724,STS
725,the Salesforce platform
726,Slalom‚Äôs Salesforce Enterprise Architecture capability
727,CRM experience
728,the clients desired outcomes
729,blogs
730,Comfortability
731,ideation
732,pairing
733,assignments
734,gasification
735,solids
736,fluid bed reactors
737,syngas coolers
738,inception
739,piloting
740, Selfstarter
741,pressurized vessels
742, JavaCPython
743, Ambition
744,middleware applications
745,eg HTMLCSS
746,merge conflicts
747,Docs
748,Slides
749,resellers
750,Geotab
751,DevOps standards
752,PostSecondary DegreeDiploma Specialization
753,Professional Cloud Architect
754,Kubernetes\OpenShift
755,containerd
756,rkt
757,VPC
758,KMS
759,a DevOps EngineerSolutions Architect
760,Guide Junior Developers
761,Solutions Architect
762,DB2
763,JPA  Hibernate
764,Message Queue
765,CSSSCSS
766,SOA
767,HibernateJPAMyBatis
768,RabbitMQKafka
769,JUnitTestNG
770,MSCS
771,productionSecurityMultitenant
772,CKACKAD certification
773,GCE
774,embedded wireless technologiesnetworks
775,WiFi
776,Zigbee
777,C GUI toolkit
778,FreeRTOS
779,Nrgx
780,Vuex
781,advanced algorithms
782,100 compliance
783,JavaOpen Source Technologies
784,Software Algorithm Design
785,multithreading transaction management session management caching validation
786,code tooling
787,Speechmatics
788,the tenets
789,the DevOps processes
790,a prerequisite
791,Zen Learners
792,Scheduling followups
793,absences
794,various weekly assignments
795,Nontech background learners
796,externals
797,GUVIS syllabus
798,norms
799,AngularReactjs
800,Reactjs
801,Flux
802,JSX
803,modern authorization mechanismsJWT
804,toolsGit
805,Heroku
806,Other CSS libraries
807,Dockers
808,NodeJs
809,KafkaResque
810,UWQ
811, BDD
812,living documentation
813,cleanroom
814,SECSGEM
815, Troubleshoots
816,resolutions
817,executing
818,an aptitude
819,visual narratives
820,yoursleeves
821,consultants
822,Coursework
823,RAML
824,SSIS
825,prioritization
826,the Automation Architect
827,close to 100 automation
828,RCA
829,the learnings
830,upgradesBasic Qualifications
831,BTech
832,Algorithms
833,skillsPreferred QualificationsSkills
834,DevOps processes
835,system documentation
836,Sybase
837,UDB
838,multitable joins
839,CSS2
840,setbacks
841,BTechBEMTechMCA
842,JavaScala
843,HadoopSpark
844,standout
845, Bachelors Degrees
846,Sonar
847,customersprospects
848,ReactAngular
849,those methodologies
850,interruption
851,anomalies
852,call rotations
853,DevOps technologies
854,monitoringnotification
855,provisioningadministering machines
856,containerization technologies
857,B TechMCA
858,TDDBDD
859,OOD
860,Debuggers
861,Xray
862,Bachelors  Graduation  Equivalent
863,HTMLCSSJavaScriptjQuery
864,Dedication
865,Pods
866,Meshes
867,Snowflake
868,an ATG Developer
869,the ATG eBusiness platform
870,ATG
871,EJB
872,toolkits
873,Transformer
874,query processing
875,MSPhD
876,prioritizing
877,a Selfstarter
878,Point Firewall
879,Firewall automation platformZscaler Cloud
880,IPv4
881,Check Point CCSE
882,Blue Coat BCCPA
883,FFN Talks
884,topologies
885,mortems
886,their strengths
887,deficiencies
888,mitigations
889,MSRC
890,detections
891,Accessibility
892,Bachelors
893,Security Researcher
894,Malware Researchers
895,SDL
896,auditors
897,lead prioritisation
898,promotions
899,terminations
900,humour
901,prevention strategies
902,Informatica products
903,MavenAnt
904,automationconfiguration management
905,DevOps Specialist
906,KeyVaults
907,Fortify
908,privileged account management
909,SSL certificate updates
910,VigilantShield
911,SCA
912,Qualys
913,IPsec
914,VPNs
915,battery drain
916,tenacity
917,blameless retros
918,outreach
919,remediation
920,authorization architectures
921,authentication
922,deploys
923,implements
924,eg chatbots
925,utilities
926,AWS Sagemaker
927,model registry
928,weekly sprints
929,our codebase
930,Billtrust
931,Mastery
932,CSSSass AngularJavascript
933,NUnit
934,operationalization
935,concept deployment
936,Kubeflow
937,eg Applied Mathematics
938,mappings
939,Salesforce Marketing Cloud
940,Braze
941,Movable Ink
942,Webhooks
943,Leanplum
944,terabytes
945, Algorithms
946,integrative thinking
947,interdependencies
948,diagnostic tools
949,the forcecom platform
950,Visualforce
951,Apex
952,Snaplogic
953,Workato
954,Erlang
955,any gaps
956,Twilio
957,middleware
958,Apex Triggers
959,Apex Classes
960,LWC
961,SFDC
962,Zuora
963,Eloqua
964,howto
965,JBOSSWebServer hosting platform background
966,TICK
967,SolarWinds
968,AppDynamics
969,datafixes
970,Webservices
971,Salesforce certifications
972,sprints
973,Markdown
974,CentOS  RHEL
975,vmware  openstack
976,LogicmonitorGrafanaPrometheus
977,ElasticSplunk
978,APM
979,kubernetes  docker
980,puppet
981,Shotgrid
982,a python developer
983,PyQt
984,PySide
985,AHMS
986,all flavors PostGresSQL
987,Timeseries
988,Shells
989,Microstrategy
990,the stewardship
991,triggers
992,constrains
993,Incumbent
994,Apache stack
995,mainly AWS
996,Aggregations
997,Selfstarter attitude
998,Offshore Communications
999,Biostatistics
1000,DPDK
1001,VPP
1002,LANs
1003,kernel
1004,lxc
1005,ARP
1006,QAT
1007,MITM TLS inspection
1008,Yocto
1009,both kernel
1010,userspace
1011,BGPOSPF
1012,backend engineers
1013,authentication services
1014,login
1015,career advancement
1016,rich web UIs
1017,VLAN
1018,BGP
1019,IPv6
1020,Spirent
1021,ESXi
1022,Xen
1023,Deployed VMs
1024,gitlab
1025,gerrit
1026,cryptocurrency
1027,Conteneurisation
1028,MsSQL
1029,PostgresSQL
1030,es6
1031,Postman
1032,a multitude
1033,bug fixes
1034,periodic basis
1035,Cloud testingTeradata Database Knowledge
1036,the salesforce platform
1037,salesforce
1038,Interoperability
1039,competence
1040,Spill
1041,the spec
1042,documentation accomplishment
1043,the PEO
1044,the efficacy
1045,the fielding
1046,a Secret Clearance
1047,Lauterbach
1048,FD
1049,Flex Ray
1050,diagnostic protocols
1051,highfidelity mockups
1052,Fullstack Developers
1053,your HTMLCSS project
1054,each increment
1055,grooming
1056,Exhibits DevOps mindset
1057,analysisApplication
1058,resilience
1059,MUI
1060,Reactquery
1061,Wretch
1062,Reactrouterdom
1063,recoil
1064,recharts
1065,Figma
1066,Invision
1067,Sigma
1068,Storyboard
1069,CX
1070,VersionOne
1071,SpringMavenJersey
1072,Forcecom
1073,Chip Designers
1074,oscilloscopes
1075,signal generators
1076,installing
1077,all scripted aspects
1078,Scripted WebServices
1079,Custom UI Changes
1080,TCPIP ports
1081,ServiceWatch
1082,eg MySQL Oracle
1083,CMDB
1084,requirement gathering
1085,clarification
1086,the Qual  Prod turnovers
1087,postproduction supports
1088,EXTJSAngular
1089,JAVAJ2EE
1090,SQLPLSQL
1091,onboarding
1092,CSRs
1093,AirFlow
1094,Camunda
1095,noSQL datastores
1096,NodeJSJavaScript
1097,their US counterpart
1098,scrums
1099,its nuances
1100,eg Apache
1101,Messaging concepts
1102,Amazoncom
1103,Walmartcom
1104,Video Compression
1105,Probability Theory
1106,intellectual property portfolio
1107,Looker
1108,SDKs
1109,standup
1110,pacing
1111,environmental storytelling
1112,Maya
1113,UDK
1114, Competency
1115, Dedication
1116,NextJS
1117,Refactoring
1118,CORS
1119,XSS
1120,augmentations
1121,BIanalytics
1122,an explorable datalake
1123,Winnipeg
1124,Calgary
1125,Theano
1126,a FullStack Developer
1127,servicebased backends
1128, Familiarityexperience
1129,F5
1130,Use Sentry
1131,Pulumi
1132,Hedera
1133,Stellar
1134,Tron
1135,disruption
1136,Canary
1137,their purposeHelm charts
1138,conception
1139,designer mockups
1140,SOAPREST concepts
1141,SDR
1142,professionalism
1143,Qualifications BS
1144,MATLAB
1145,LabView
1146,GUI
1147,CloudEdge computing
1148,Software Defined Radios
1149,VITA
1150,VRT
1151,HiSLIP
1152,oscilloscope
1153,spectrum analyzer
1154,Qt platform
1155,Ôªø
1156,concept initiatives
1157,Enterprise Architecture roles
1158, Certification
1159,TOGAF
1160,FEAF
1161,other SMEs
1162,lending
1163,up to 4000year
1164,httpswwwlinkedincomcompanyaffinitystaffingjobs
1165,a mutually beneficial partnership
1166,an affinity
1167,Transparency
1168,GUIs
1169,portability
1170,deploymentoperation
1171, Qualifications
1172,customer impacting features
1173,other middleware
1174,JavaJavaScript
1175,Ethernet
1176,PCIe
1177,corresponding tasksSprints
1178,SoftwareDefined Radios
1179,measurement equipment
1180,SCPI
1181,VITA49 Radio Transport protocol
1182,EComm POS
1183,Believer
1184,‚Ä¢ Openness
1185,Payment gateway
1186,POS
1187,swift and consistent resolutions
1188,Loan Origination
1189,Account Origination
1190,a ticketing system
1191, √ò
1192,upgrades
1193,the turbulent nature
1194,  ¬∑        Software Proficiency
1195,ADO
1196,BootStrap
1197,corrective actions
1198,diagnostic analysis
1199,Fiddler
1200,fiddler
1201,MongoDb
1202,POSTMAN
1203,Agile Test methodologies
1204,our platform roadmaps
1205,the talents
1206,AngularReactVue
1207,InVision
1208,conciseness
1209,OpenSSL
1210,datapipelines
1211,pipe errors
1212,more analytics
1213,our connection‚Äôs analytics
1214,immense amounts
1215,HTMLCSS
1216,topology
1217,subnetting
1218,Linux networking
1219,nftables
1220,WireGuard
1221,Pluggable Transports
1222,OpenVPN
1223,IPSec
1224,FreeRadius
1225,Bind
1226,python applications
1227,SPDJI
1228,Quantitative Finance
1229,a demonstrated equivalence
1230,IE MongoDB
1231,Thoughtfulness
1232,IndexBenchmarks
1233,portions
1234,conversions
1235,PL1
1236,VBNet
1237,Magnolia
1238,JCR
1239,SymfonyLaravelFuelPHP
1240,PHPUnit
1241,Self Starter
1242,selfserve analytics
1243,problematic areas
1244,correction
1245,PythonR
1246,terminology
1247,ISEB tester certificate
1248,standups
1249,retros
1250,advocacy
1251,different authentication
1252,the DMRB
1253,desirably Manual
1254,Bentley MX
1255,Civils
1256,eg AutoCAD
1257,desirably PDS Sign
1258,any attachments
1259,QUALIFICATIONS
1260,the discretion
1261,simulations
1262,Optimisation
1263,Reinforcement Learning
1264,ScumKanban
1265,analyzing
1266,wellperforming TSQL queries
1267,ObjectRelational Mappers
1268,General cloudcomputing concepts
1269,a presenter
1270,reviewer
1271,proper documentation
1272,Debuggingfault finding
1273,CVI
1274,Retrospective etc
1275,Triage inbound conversations
1276,a SaaSPaaS
1277,CSE
1278,TAM
1279,Teilnahme
1280,Bereich SoftwareEngineering
1281,Zusammenarbeit
1282,Werkzeugen
1283,Arbeitsweisen
1284,Schnittstellen f√ºr Cloudnative L√∂sungen
1285,verschiedenen Programmiersprachen
1286,Selbstst√§ndige Erstellung
1287,Entwicklung
1288,Eigenverantwortliche Planung
1289,SoftwareL√∂sungen
1290,Zusammenarbeit mit Architekten
1291,Implementierung
1292,Durchf√ºhrung entsprechender Tests
1293,IntegrationsTests
1294,TeamFeedbackProzessen zB Retrospektiven
1295,Visualisierung
1296,Abgeschlossenes Studium
1297,eine vergleichbare Ausbildung
1298,Berufserfahrung als
1299,einer vergleichbaren
1300,Ausgepr√§gte Kenntnisse
1301,Mindset eines ‚ÄûTechnologieVordenkers‚Äú w√ºnschenswert
1302,Erfahrungen
1303,DevOpsTools
1304,Methoden
1305,optimieren
1306,Mit
1307,Prinzipien
1308,AWSUmfeld
1309,ITService Management Modell
1310,Teamplayer
1311,einem internationalen Umfeld arbeitet
1312,Flie√üend Englischkenntnisse
1313,deutsche Sprachkenntnisse
1314,adaption
1315,sustainment
1316,MultiDomain Operations MDO warfighting capabilities
1317,DoD
1318,prototyping
1319,Certs
1320,TSSCI
1321,critiques
1322,estimated timelines
1323,system maintenanceenhancement
1324,BSBEBTech
1325,eg TCPIP
1326,EAP
1327,Radius
1328,multithreading
1329,eg MFC WIXMSI
1330,IPC
1331,eg authentication cryptography
1332,a timescale
1333,a natural aptitude
1334,Datacenter
1335,Installing
1336,configuring
1337,downtime
1338,POCs
1339,shift roster
1340,Centos
1341,RedHat
1342,EMC Isilon
1343,NFS
1344,DFS
1345,SMB
1346,Containerization
1347,flair
1348,eg usability
1349,ES5ES6
1350,ECMAScript
1351,eg Immutablejs
1352,A knack
1353,benchmarking
1354,Angularjs
1355,a frontend JavaScript developer
1356,transpilers
1357,i18n
1358,facilitator
1359,Tech  NFR
1360,Tech  Analytical \ Problem Solving
1361,Forecasting
1362,conceptualization
1363,supervised classification
1364,dimensionality reduction
1365,scikit
1366,XGBoost
1367,Pytorch
1368,QT
1369,QT Designer
1370,automationintegration
1371,another JS framework
1372,a diverse and inclusive culture
1373,their full and authentic self
1374,CJava
1375,betas
1376,launches
1377,a primary spokesperson
1378,content KPI
1379,ROI
1380,podcasts
1381,annotated screenshots
1382,developer dialogues
1383,tournaments
1384,demonstrable success
1385,Ubisoft Code
1386,Conduc
1387,catalog references
1388,Steward
1389,metatdata cataloging
1390,sanity
1391,singledigit millisecond latencies
1392,Api
1393,SAP BW
1394,PowerPoint
1395,Skype
1396,Canadian equivalency
1397,mock
1398,gdb
1399,valgrind
1400,ADB
1401,Reduxcontext
1402,webpack
1403,parcel
1404,Basics
1405,Grunt
1406,Bower
1407,Backbonejs
1408,Apache
1409,Nginx
1410,ISS
1411,Expressjs
1412,CakePHP
1413,Report Builder
1414,ReactStencilJS
1415,Cloud platform deployment
1416,Electron
1417,Webpack  Rollup
1418,Microprocessor
1419,Microcontrollers
1420,JAMA
1421,BITBUCKET
1422,expediency
1423,addressable techdebt
1424,horizontal scalability
1425,Apache Beam
1426,OOPs
1427,CSSHTML
1428,addons
1429,Blazor
1430,the Aperture platform
1431,Permutive
1432,workstreams
1433,the backbone
1434,PB
1435,Apigee
1436,D3
1437,SVG
1438,WebGL
1439,Threejs  WebGL
1440,VR
1441,mastering
1442,groundbreaking audio algorithms
1443,acoustics
1444,RWS
1445,the RWS Controller
1446,the RWS Actuator
1447,the RWS system owner
1448,the Programme Milestones
1449,other artefacts
1450, Liaison
1451,cascade
1452,a breadth
1453,styling
1454,brainstorming
1455,Manufacture
1456,the TRL16 range
1457,coating
1458,Aircraft transparencies
1459,manufacture
1460,assembly drawings
1461,GKNs TEF
1462,EHS policy
1463,GKN
1464,Workaligning
1465,CATIA V5
1466,GSD
1467,CPD
1468,GDT
1469,DFMA
1470,DFSS
1471,composite machining
1472,press moulding
1473,science algorithms
1474,technicians
1475,Sitecore
1476,Optimizely
1477,Contentful
1478,310 yrs
1479,Dataflows
1480,BODS
1481,DataHub and InfoCenter Initial loads
1482,entities
1483,attributes
1484,DataHub
1485,InfoCenter
1486,Scheduling loads
1487,DHIC
1488,Cloud Security Architect
1489,documentation deliverables
1490,cybersecurity
1491,NSX
1492,IDPIPS
1493,HIDs
1494,FIM
1495,EDR
1496,WAFs
1497,attacker toolstacticsprocedures
1498,hunts
1499,a  Cloud Support Engineer  Database Security and Authentication Management
1500,the Snowflake Cloud Data Platform
1501,connectors
1502,proxies
1503,Nix
1504,driversconnector
1505,NextGen FW
1506,WAF
1507,tag audits
1508,PhantomJS
1509,CPA
1510,CTRs
1511,CPMs
1512,Impressions
1513,sitesideproduct analytics
1514,Amplitude
1515,highimpact PrototypesPoCs
1516,anomaly detection
1517,approvals
1518,usefulness
1519,Data and Analytics specialists
1520,an innovation mindset
1521,Hackers
1522,bureaucracy
1523,Analyst  Programmers
1524,UAT
1525,VBA
1526,ExcelWordAccess
1527,our platform‚Äôs DevOps toolchain
1528,ERDs
1529,swagger specs
1530,Linkerd
1531,operational concepts
1532,Nagios
1533,SumoLogic
1534,Jaeger
1535,XDebug
1536,HTML4
1537,XHMTL
1538,Satis
1539,exciting and robust systems
1540,MySQL optimisation
1541,VmWare
1542,good documentation
1543,¬† Outcomes¬Æ¬†Incorporated
1544,OutcomesMTM
1545,Medication Therapy Management
1546,pharmacists
1547,prescribers
1548,our singular focus
1549,¬†interventions
1550,educated payers
1551,the Medicare Modernization Act
1552,Dublin Ohio
1553,pharmacies
1554,ambulatory surgery centers
1555,clinical laboratories
1556,pharmaceuticals
1557,mscripts
1558,Bangalore
1559,the humility
1560,the face objections
1561,   Qualifications Required
1562,GITHUB
1563,Concourse
1564,Veracode
1565,an Equal OpportunityAffirmative Action employer
1566,All qualified applicants
1567,ancestry
1568,creed
1569,idea conception
1570,maintenanceiteration
1571,the Internet intranet or extranetbased applications
1572,continuity
1573,HTMLXML
1574,Deployment  IISAzure
1575,56
1576,Multitier
1577,Numpy
1578,Pandas
1579,dissenting opinions
1580,Ecommerce
1581,Reactjs framework
1582,serverssoftwareapplications
1583,Linux users
1584,WebLogic
1585,Clustering
1586,JBOSS
1587,Ticketing
1588,Linux Users
1589,Kerberos
1590,Principals
1591,NAS
1592,Rancher
1593,StackStorm
1594,the Epics
1595,organizer
1596,zeal
1597,a selflearner
1598,ArchitectsTechLeads
1599,specialism
1600,around 2 5 yrs
1601,the nuances
1602,Html
1603,Css
1604,OOPs concepts
1605,Zapier
1606,Memcached
1607,Zookeeper
1608,Zapiers allhands philosophy
1609,Azure platform
1610,Builds
1611,Strategyetc
1612,Inversion
1613,webdesigning
1614,an ODS
1615,geographies
1616,BTechBEMCAMTechMS  Computers
1617,ElectronicsTelecommunications
1618,TSQL Stored Procedures
1619,ODS
1620,BSEE
1621,MSEE
1622,AnalogMixed Signal
1623,AFS
1624,Symphony
1625,Eldo
1626,Questa ADMS
1627,EZwave
1628,other EDA vendors
1629,AnalogMixed Signal Design
1630,a zeal
1631,Databases
1632,MariaDB
1633,Semantic markup
1634,website optimisation
1635,CIO
1636,SAAS
1637,deploymentconfiguration
1638,D365
1639,LogicApps
1640,Powershell
1641,Azure CLI
1642,Kofax
1643,XpertDoc
1644,WorkDay
1645,MSI programmes
1646,Adherence
1647,ordination
1648,Liaising
1649,TRR
1650,TRMs
1651,planned Schedulesworkload
1652,VVT
1653,HNCD
1654, Competence
1655,LCNC
1656,Mendix
1657,NG
1658,due urgency
1659,competing deadlines
1660,offerings
1661,perl
1662,impediments
1663,CDCI toolchains
1664,an executor
1665,a procrastinator
1666,JavaScriptTypeScript
1667,Vim
1668, Interfacing
1669,monoliths
1670,facades
1671,the foresight
1672,backwards compatibility
1673,ReactJs
1674,easyMock
1675,Nightwatchjs
1676,containerization tools
1677,one or more viewpoints
1678,CIS
1679,VisualForce
1680,Aura
1681,SFDX
1682,RESTJSON
1683,develolment
1684,APIGEE
1685,KAFKA
1686,the knowledgebase
1687,Swarm
1688,Ajax
1689,Illustrator
1690,Minimized loading times
1691,Compatibility
1692,Internet Explorer
1693,WCAG
1694,Custom loops
1695,Custom taxonomies
1696,HTML5 Boilerplate
1697,JavaScript expert
1698,bootstrap
1699,mitigation plans
1700,atleast a period
1701,Kops
1702,StackRox
1703,Spinaker
1704,KeyCloak
1705,Okta
1706,AWS capabilities
1707,spark
1708,Scala python
1709,ScalaPythonJava
1710,Mastercard assets
1711,Mastercard
1712,Async message queues
1713,ProductManagers
1714,technological and process innovation
1715,Fullstack ownership
1716,incrementalsolutions
1717,Strict Adherence
1718,the wireless stackslike WIFI
1719,ZigBee
1720,Niagara
1721,NI staff
1722,LabVIEW
1723,SMU
1724,DMM
1725,LCR meter
1726,grid computing
1727,failover
1728,RMI
1729,EJB QL
1730,HQL
1731,JAAS
1732,JNDI
1733,JMX
1734,JTA
1735,IntelliJ
1736,Springboot
1737,nexus
1738,shipped titles
1739,your curiosity
1740,RU
1741,coaching responsibilities
1742,codedebug
1743,RRC
1744,SDAP
1745,PDCP
1746,Facilitation
1747,datastores
1748,Pivot
1749,dbt
1750,numpy
1751,a tenacious commitment
1752,Cloud Data Warehousing
1753,10000
1754,both 2D
1755,Vulkan
1756,2D
1757,GPU
1758,schematics
1759,X86
1760,inadequacies
1761,multithreading etc
1762,OpenGLOpenGL ESVulkan
1763,XP2k
1764,display controllers
1765,GerritGit
1766,Thrift
1767,Jupyter
1768,hackathons
1769,QNX kernel
1770,ISO26262
1771,IEC61508
1772,acoustic algorithms
1773,signal processing algorithms
1774,innovativeness
1775,MISRA
1776,ASPICE
1777,OEM
1778,GreenHills
1779,VXworks
1780,PPC
1781,Sprints
1782,validationtesting
1783,strict timelines
1784,CoreES5ES6
1785,graphic visuals
1786,npm
1787,crossdevice compatibility
1788,inconsistencies
1789,Adobe Experience Manager
1790,eg ReactNative
1791,Flutter
1792,NativeScript
1793,eg AWS
1794,Snr
1795,propulsion
1796,delegated representative
1797,MSOffice
1798,fidelity
1799,simulation
1800,Bids
1801,ie MATLAB
1802,ReactTestingLibrary
1803,JavaPHP
1804,JUnitPHPUnit
1805,WebPack
1806,other avenues
1807,CDC
1808,Avro
1809,Protobuf
1810,Typescipt
1811,Fargate
1812, SQS
1813,Cognito
1814,AngularJS  Angular
1815,Restify
1816,Jquery
1817,bitbucket
1818,IoC
1819,serverless
1820,general EDA algorithms
1821,fullservice rollouts
1822,MCA
1823,plsql
1824,automationoptimisation
1825,emergencies
1826,HRM
1827,Workday
1828,your updated resume
1829,Word or PDF format
1830,Webdriver
1831,proactiveness
1832,ReactVueAngular
1833, Architecting
1834,alerting
1835,both PagerDuty
1836,Slack
1837,polyglots
1838,NPI help
1839,subcontractors
1840,inspections
1841,CONOPS
1842,SOWs
1843,maritime
1844,MIL
1845,MILSTD461
1846,STD464
1847,PEng
1848,OpenShiftKubernetes
1849,project phases
1850,Symfhony
1851,indexing
1852,DevOpsContinuous IntegrationContinuous DeliveryInfrastructure
1853,the conformance
1854,fulfillment
1855,Various environmentsDev
1856,correspondence
1857,Telecom
1858,Module
1859,Mercury Test Director
1860,QTP
1861,demeanor
1862,Messaging domain
1863,Nightwatch
1864,Javascipt
1865,JavaScriptTypescript libraries
1866,JQuery
1867,SoapUI
1868,Individual Contributor
1869,IPM
1870,Testrail
1871,Design and Architect Solutions
1872,Microsoft Azure platform
1873,DHTML
1874,XMLJSON
1875,SoA
1876,XUnit
1877,MSUnit
1878,counterparts
1879,Debugs
1880,collateral damage
1881,negligible amount
1882,the Diablo franchise
1883,RPGs
1884,ARPGS
1885,MMORPGS
1886,JavaScript OOPS concepts
1887,Asynchronous
1888,ReactNative
1889,socketio
1890,CLI
1891,RoomDB
1892,house assemblymodification
1893,quotestender documentation
1894,selenium
1895,an EHR
1896,adoptions
1897,descriptive examples
1898,a knack
1899,optimisations
1900,both direct and programmatic campaigns
1901,programmatic channels
1902,Invoice handling
1903,ECM
1904,carbon reductions
1905,accurate predicted running costs
1906,HND
1907,HNC
1908,solar PV
1909,HTMLCSSSCSS
1910,Orchestrating
1911,eg EC2
1912,ELB
1913,EBD
1914,Glacier
1915,‚Ä¢	AWS automation
1916,‚Ä¢	AWS Security
1917,Sonarqube
1918,COTS
1919,Grails
1920,eg Hibernate
1921,modern DevOps tooling
1922,eg Subversion
1923,GroovyGrails
1924,COVID19
1925,ExtJS
1926,relocation
1927,Incidental telecommuting
1928,EOE
1929,resumes
1930,Synechron Inc
1931,uscareersynechroncom
1932,HTMLCSSBOOSTRAP
1933,our consultants
1934,Boot  Security  Data JPA  Data Elasticsearch  Kafka
1935,AntCICD
1936,TrakaWEB
1937,Traka Touch
1938,empowerment
1939,honesty
1940,WinForms
1941,WPF
1942,WebAPI2
1943,XamarinMAUI
1944,Kotlin  RESTful APIs  GIT  Android Studio  Debugging  Software development lifecycle
1945,68 DevelopersTesters
1946,frontend UIs
1947,Net45
1948,a tendency
1949,JavaScriptjQuery
1950,AngularReact
1951,WebAPI
1952, WebServices  WebForms
1953,ReSharper
1954,project estimations
1955,eg PHPUnit
1956,Behat
1957,Salesforce technologies
1958,system deficiencies
1959,the acquiring
1960,BEng
1961,CEng
1962,MEng
1963,ETAP
1964,DIgSILENT PowerFactory
1965,AutoCAD
1966,Productionizing Machine Learning projects
1967,Dask
1968,FastAPI
1969,the remit
1970,NHSL
1971,our Tech stack
1972,Neo4j
1973,DDD
1974, Openness
1975,proactivity
1976,teamspirit
1977,Ecochain
1978,CET
1979,Knowledge  willingness
1980,a timezone
1981,a database developer
1982,PLPgSQL
1983, VCS
1984, Liquibase
1985, Microsoft Azure
1986,Altium Designer
1987,product failures
1988,EMC safety
1989,EN601010
1990,Altium
1991,NodeJSDriven
1992,graphql
1993,cache
1994,atlas mongodb
1995,aws rds
1996,ACLS
1997,Test Technicians
1998,subcontract and ancillary item purchase requisitions
1999, o Vibration
2000,humidity
2001,Altitude
2002,Salt fog
2003,Fatigue
2004,Troubleshoots
2005,IDEA Intellij
2006, EXT JS
2007,DataDog
2008,conclusionsresolutions
2009,IBM FileNet
2010,FileNet
2011,CA APM
2012,Dynatrace
2013,monitors
2014,FileNet platform
2015,Appian
2016,SmartCommsSmartIQ
2017,DocuSign
2018,  Qualifications
2019,a quarterly Innovation Week
2020,queueing
2021,Expereince
2022,ScrumScrumban
2023,CDK
2024,CloudFront
2025,CodePipeline
2026,NewRelicDataDogSumoLogic
2027,RESTgRPC
2028,OTT
2029,the J2EE platform
2030,iCIMS Inc
2031,NJ
2032,Interpreter
2033,Prototype
2034,TestNG
2035,JEST
2036,Docker containerization
2037,AWS elastic beanstalk
2038,philosophies
2039,JavaKotlinScalaClojureGroovy
2040,ES2015
2041,superior technically precise prose
2042,deeper exploration
2043,Docker engineers
2044,Announcements
2045,the clarity
2046,AWS resources
2047,the rationale
2048,AWS SDKs
2049,awssdk
2050,boto3
2051,Immutable
2052,demand prediction
2053,enhancementsbugfixes
2054,CSSBackend
2055,Overall competency
2056,eg Greenhills
2057,eg LDRA
2058,RDSPostgres
2059,our Saas platform
2060,Simulation
2061,Verification
2062,CCCAda
2063,SCADE
2064,GitSubversion
2065,enquiries
2066,judgement
2067,formerly Aveska
2068,UFT
2069,ReadyAPI
2070,Cloudformation
2071,GitBitbucket
2072,serviceability
2073,eg VMware
2074,weekdays
2075,an asneeded and scheduled rotational basis
2076,Linux Systems
2077,BTechMSMTech
2078,OAUTH
2079,upGitlab
2080, Hyderabad Immediate joiners
2081,the Django framework
2082,techstack
2083,Terraform Bit bucket AWS CodeBuild
2084,SNS
2085,Software Licenses
2086,their renewals
2087,AWS CodeBuild
2088,Lamda
2089,premise data centers
2090,8 PM IST
2091,Total Exp
2092,AMQP
2093,SVNGIT
2094,SLDC
2095,CCCPerlPythonJava
2096,AspNet
2097,HtmlJavaScript
2098,SREs
2099,operability
2100,every characteristic
2101,degradation
2102,Instrumentation
2103,recoverability
2104,your passions
2105,Level1 staff
2106,Broad Interests  SREs
2107,professional curiosity
2108,DockersGITJenkins
2109,LINUX commands
2110,Nightshifts
2111,Microgateway
2112,SwaggerHub
2113,KubernetesAzure
2114,uDeploy
2115,Messaging Services
2116,OOAD
2117,GOF
2118,jquery
2119,Devise
2120,CanCan
2121,PlaySpringGrailsStruts
2122,HibernateJPA
2123, HTML50
2124,JQueryJavascript
2125, SSIS
2126,SQL Stored Procedures
2127,SQL Server Stored Procedures
2128,ÔÇ∑
2129,Replication
2130,SQL Server Stored Procedures and SSIS packages
2131,sourcetarget mappings
2132,specs
2133,subsystems
2134,manual intervention
2135,flutter
2136,extensive documentation
2137,roadblocks
2138,suites
2139,our SDK
2140,delicious recipes
2141,¬†  Bachelor
2142,UART
2143,I2C
2144,DMA
2145,stepper motors
2146,vacuum pumps
2147,softwarefirmware
2148,Greengrass
2149,BDM
2150,PWX
2151,troubleshoot
2152,CDP
2153,Couchbasepreferable
2154,VBScriptASP
2155,MySQL Knowledge
2156,WCFWebservices
2157,JENKINS
2158,100 agileSCRUM methodologies
2159,springboot
2160,Profound insight
2161,Classloading
2162,DBA
2163,vanilla JS
2164,a Software ArchtectLead
2165,CouchDB
2166,IBM ID
2167,ADFS
2168,OIDC
2169,IBM CloudAzureAWS
2170,NondeJS
2171,CircleCI
2172,exhibitions
2173,telco
2174,¬∑ Internet protocols
2175,RTSP
2176,IPTV
2177,Hindi
2178,Marathi
2179,Autonomy
2180,a focal point
2181,eg multiregionalmultiAZ elasticity
2182,autoscaling
2183,backend developer
2184,AutoIT
2185,UIPath
2186,BluePrismpreferred
2187,DevOps  Engineering background
2188,BEBTech
2189,formal and informal settings
2190,baseline metrics
2191,everyone‚Äôs socks
2192,Cordova
2193,Apache Cordova
2194,Ince
2195,Cloud Data Warehouses
2196,Fivetran
2197,Matillion
2198,ConfluenceNotion
2199,DockerKubernetes
2200,Hyperledger
2201,DevOps process
2202,software estimations
2203,Object Orientated ProgrammingDesign
2204,Cocos2d
2205,Flixel
2206,Arcade
2207,Pygame
2208,Phaser
2209,portfolios
2210,Davinci configurator
2211,Davinci developer
2212,LIN
2213,J1939
2214,a¬†projectmodule
2215,unreasonable¬†requests
2216,Honesty
2217,yrs
2218,their likelihood
2219,codefixes
2220,shareholders
2221,intentdriven engagement
2222,more than 25 billion conversations
2223,malfunctions
2224,Linux commands
2225,multithreading concepts
2226,timeliness
2227,vuSmartMaps
2228,solution gaps
2229,aptitude
2230,Glance
2231,‚ÄØGlance
2232,cyclesMUST
2233,nuances
2234,an impressive portfolio
2235,internationalizationlocalization
2236,Riak
2237, BTech  MCA
2238,AZ
2239,greater scalability
2240,combinations
2241,DW
2242,MPP
2243,Presto
2244,Blob
2245,Diagram
2246,sound rationale
2247,iptables
2248,daemonsets
2249,terraform
2250,helm charts
2251,Fluentd
2252,Anchore
2253,Falco
2254,deploymentupdatespatchingupgrades
2255,DOS prevention
2256,PCI
2257,HIPAA
2258,FedRAMP
2259,Drupal
2260,eg MySQL MongoDB
2261,KANBAN
2262,stakeholder management
2263,AWSGCP
2264,AnsiblePuppetChef
2265,PrometheusGrafanaSplunkELK
2266,occurrences
2267,restores
2268,juniors
2269,IITsTop RECs
2270,relationalPostgres
2271,Concurrency
2272,24 Yrs
2273,Xcode
2274,GWT
2275,CassandraMongoDB
2276,Slf4j
2277,incl
2278,exp
2279,debugging concepts
2280,e2e stuff
2281,Nive
2282,Sagas
2283,Thunk etc
2284,‚óè Design
2285,NIO
2286,Apache zookeeper
2287,authorization
2288,authentication frameworks
2289,B EMCA
2290,PHPLaravel
2291,Systems documentation
2292,Bots
2293,the iPhone SDK
2294,iTunes
2295,GitOps
2296,AWS Greengrass
2297,SAST
2298,DAST
2299,Positka
2300,an integral part
2301,Cybersecurity
2302,workaround
2303,ES
2304,Phantom
2305,ITSI
2306,SSLTLS
2307,Regex
2308,Dashboards
2309, hrpositkacom
2310,the essentials
2311,BT Certification
2312,Underscorejs
2313,ref
2314,"
        Complete Remote WorkingNotice Period"
2315,15 DaysRole Budget
2316,ES5
2317,NgRx
2318,exp  NgRx
2319,ADONet
2320,Advance Java concepts
2321,JSTL
2322,JSONXML
2323,Crucible
2324,Saras
2325,ISTCST
2326,stake holders
2327,DBT
2328,csv
2329,xlsx
2330,dat
2331,FulltimeWorking days
2332,PO
2333,SkillReact JS
2334,HaveMocking
2335,failoverserver management strategies
2336,BotSync fleet management system
2337,DDS
2338,Websockets
2339,Grade B3B4
2340,Pune
2341,microcontrollers
2342,CORTEX
2343,SoC
2344,EtherNetIP
2345,DeviceNet
2346, Clone detection
2347, Coordination
2348,Project Metrics
2349,EICPune
2350,EICPune Assigned Initiatives
2351,Guidelines Skill Requirements
2352,other DVCS
2353,GCC
2354,B3  B4
2355,A willingness
2356,neutral accent
2357,BLDC
2358,Stepper
2359,PID
2360,J1850
2361, Microchip PIC microcontrollers
2362,MISRA C
2363, MathWorks MATLAB
2364, LabVIEW
2365,Multimeter
2366,Function Generators
2367,VHDL
2368,2 to 8 YearsBasic Qualifications
2369,Paid Learning Programmes
2370,Mon
2371,Singleton
2372,PostgresOracle
2373,Couchbase Redis
2374,Canary Pushes BlueGreen deployments
2375,BDD  TDD practices
2376,Solace
2377,next generation web interfaces
2378,our CRM platform
2379,Tech branding
2380,platform constraints
2381,‚àô
2382,Servlet
2383,MVCIOCAOP
2384,Node JS
2385,koa
2386,disadvantages
2387,categorization
2388,eg
2389,Zoho
2390,Mailchimp
2391,Infusionsoft
2392,Quickbooks
2393,Shopify
2394,Procore
2395,simPRO
2396,spec sheets
2397,BCA
2398,BTechBE
2399,PG Diploma
2400,MTech
2401,MSMScScience
2402,ISS Proxy Voting platform
2403,defect management
2404,Flows Activities Declarative rules
2405,MS Azure
2406,Senior Salesforce Commerce Cloud Developer
2407,REQUIRED QUALIFICATIONS
2408,PSDs
2409,XHTMLHTML5
2410,CSSCSS3
2411,Magento
2412,‚óè¬†¬†¬†¬†Understanding
2413,closures
2414,callbacks
2415,JavaScriptJQuery
2416,BeanShell
2417,JSPServlets
2418,SPMLSOAP
2419,Directories
2420,LDAP
2421,IBM
2422,Novell
2423,RBAC
2424,3 to 4 yrs
2425,the DLT
2426,his wits
2427,particularly MySQL
2428,RPC
2429,OAuth2
2430,GitHubGitlab
2431,DevopsAWS
2432,JavaMicroservices
2433,LanguageReactJS
2434,TechnicalOracle
2435,LanguageNodeJS
2436,JAXRS
2437,CDI
2438,Styled Comp
2439,Sanity
2440,a unified content platform
2441,scoping
2442,estimating
2443,RPGLE
2444,all IBM Utilities
2445,collaborations
2446,Knack
2447,cohesion
2448,Apex classes
2449,Salesforce CRM certifications
2450,supplierstechnologies
2451,Avid Learner
2452,presenter
2453,organizing
2454,SELT pass
2455,Ecctis
2456, Ramp
2457,each other overcome roadblocks
2458,other Cloud certification
2459,AWS Fargate
2460,the incumbent
2461,ERP and CRM systems
2462,Sage
2463,Infor
2464,SalesLogix CRM
2465,VBS
2466,jSon
2467,abreast
2468,Software Craftsmanship
2469,our behaviours
2470,eg TDDATDDBDD
2471,‚Ä¢	Bachelors
2472,DDB
2473,Struts
2474,EJB Life Cycle
2475,HK2
2476,DSL
2477,MLAI
2478,traditional mindsets
2479,structuring
2480,PCA
2481,SVM
2482,random forests
2483,eg Spotfire
2484,RShiny
2485,the Forcecom platform
2486,ELA
2487, SSA EMIEMC
2488,compassion
2489,rapport
2490,a 21 bachelors
2491,an internationally renowned University
2492,your CV
2493,Strong aptitude
2494,GovPub Sector
2495,your most updated CV
2496,receipt
2497,A catalyst
2498,the Transforming Change Programme
2499,scriptrunner
2500,reporting dashboards
2501,PowerBi
2502,DevOps pipeline
2503,CCTV
2504,Graded Intruder Alarm
2505,Servicing
2506,‚ù§
2507,Gradle Android Studio
2508,Firebase
2509,automated Jest üÉè
2510,automations
2511,the Redux Toolkit
2512,Sparxcustomer
2513,numeracy
2514,Sparx Learning
2515,HegartyMaths
2516,Numerise
2517,over 2000 schools
2518,processing safeguards
2519,chain trusting
2520,DoD 8570 Compliant Security
2521,Openness
2522,a robust evidencebased discussion
2523,the merits
2524,Excellent teamwork
2525, Supervision
2526,decommission
2527,ExcelRedstone
2528, Competent
2529,RxJava
2530,MVPMVVMMVI
2531,variable screen sizes
2532,Jiraconfluence
2533,Cocoa Touch
2534,push notifications
2535,complicated briefs
2536,JQUERY
2537,JS Frameworks
2538,other ticketing system
2539,Indesign
2540,XD
2541,Umbraco Razor
2542,Twig
2543,Dynamics 365 CRM
2544,Stakeholder Engagement
2545,adjustments
2546,succinct report generation
2547,HNDDegree
2548,Trello
2549,PMC
2550,Sharepoint
2551,DIT
2552,ServersVMs
2553,Autostore
2554,mPick
2555,Sortation
2556,DMS
2557,ASRS
2558,Dematic‚Äôs Equipment Management System Software Application
2559,SRMs
2560,Conveyor PLC
2561,optical character recognition
2562,serverless computing
2563,Azure TDD
2564,visions
2565,PHPMySQL
2566,HTMLCSSJS
2567,ACF
2568,GIT knowledge
2569,shortcomings
2570,Highlights shortcomings
2571,Defines
2572,specialised productsservices
2573,Storyboards
2574,eg switching
2575,VLANs
2576,PoE
2577,WLAN
2578,MPLS
2579,SDWAN
2580,HyperV Knowledge
2581,UCS
2582,Veeam
2583,robust handover
2584,SoW
2585,Project Brief documentation
2586,Essential Personal Qualities
2587,A keenness
2588,executable pieces
2589,SalesCloud
2590,Forcecom Platform
2591, Contributor
2592,Microsoft Azure Networking
2593,Landing Zones
2594,OOPHP
2595, Magento experience
2596,API gateway
2597,Ensuring serverapplication patches
2598,git management
2599,countermeasures
2600,confidentiality
2601,flaws
2602,Persuasion
2603,adverse circumstances
2604,Commercial Orientation
2605,‚óè	DegreePhD
2606,agreed timeframes
2607,spaCy
2608,thirst
2609,pragmatism
2610,developmentCICD
2611,Design and development phases
2612,impacted areas
2613,Consults
2614,applications computing technologies
2615,Researches
2616,codingdevelopment
2617,Analytical flair
2618,CANbus and kline
2619,GLONASS
2620,GPRS
2621,any implementation gaps
2622,DevOps toolchains
2623,Elementor
2624,Builders
2625,friendly and caring relationships
2626,the funders
2627,benchmark
2628,backend platform
2629,Netsuite
2630,product and configuration gaps
2631,helper libraries
2632,prospect deployments
2633,RFI and RFP responses
2634,consultancy
2635,retail bankingcore bankingpayments
2636,equivalents
2637,applicants
2638,Telecommunications
2639,legislative conformance
2640,DVPSOR
2641,drivetrain
2642,hydraulics
2643,Couchbase
2644,Optical Character Recognition
2645,OCR
2646,Intelligent Document Processing
2647,IDP
2648,sandbox
2649,Paychex
2650,federated lines
2651,PDIT
2652,messy text
2653,PDF
2654,VMware ESX
2655,Hyper
2656,NGINX
2657,zfs
2658,authorization frameworks
2659,the researching
2660,Monitors
2661,patents
2662,discretion
2663,overtime
2664,all facets
2665,design phases
2666,Operations Manuals
2667,actuators
2668,control algorithms
2669,commonality
2670,coordinate decomposition
2671,semiconductor
2672,MFC
2673,thread synchronization
2674,EDA
2675,robust data
2676,AWS DynamoDb
2677,provided deadlines
2678,VMware vSphere
2679,vSphere
2680,vCenter
2681,Vrealize Operations Manager VROPS
2682,VSAN
2683,Datastores
2684,Vmotion
2685,DRS
2686,diagnostic techniques
2687,Alerts
2688, VDI
2689,XenApp
2690,Netscaler
2691,PowerCLI
2692,pending tickets
2693,existing documentation
2694, Rollout
2695,all stake holders
2696,signoffs
2697, Coordinates
2698, Industry certifications
2699,VCPDCV
2700,SysOps administrator
2701, Linux
2702,NOC
2703,Logistics
2704,installations
2705,call rota
2706,any overtimeoncall shifts
2707,CSAT
2708,CPE
2709,PE
2710,the CPE
2711,configuration generation
2712,installs
2713,Upskill
2714,PowerApps
2715,Generators
2716,compressors
2717,pumps
2718,switchgear
2719,Apprentice
2720,cicd
2721,microprofile
2722,junit
2723,plSQL
2724, Securing
2725,termination
2726,secondary containment
2727,rectification
2728, Valid SC Clearance
2729,quantities
2730,a Fluke DSX80005000
2731,ladders
2732,CNCI Copper
2733,Fibre
2734,Test automation
2735,even obsession
2736, IPAF  CAP licence
2737,quotations
2738,CFR
2739,GAMP
2740,PharmaMedicalBiotech
2741,SCADA
2742, Authoring
2743,masterplans
2744,a validated state  Act
2745,SPOC
2746,deviations
2747,CAPA
2748,revisions
2749,Oracle functional concepts
2750,AWS serverless offerings
2751,Grit
2752,RaspberryPi
2753,grunt
2754,MVS
2755,EDI systems
2756,GNVQ
2757,Sean Dunn
2758,url
2759,PPM
2760,all respects
2761,accurate recordsdocumentation
2762,the PPM
2763,outs
2764,breakdowns
2765,Guilds Parts
2766,IEE Registration
2767,GCSE
2768,17th edition Level
2769,City  Guilds Certificate
2770,ONCHNC
2771,City  Guilds Part
2772,ReactJS experience
2773,scrum masters
2774,Packing Machinery
2775,Guilds
2776,MCAL
2777,BSW
2778,Vector DaVinci Configurator
2779,Third Party Vendors
2780,Cisco Jabber
2781,GPOs
2782,2 yearsofexperience
2783,CLANG
2784, CAE knowledgeexperienceis
2785,CUDA
2786,our Helix platform
2787,BScMS
2788,CVS
2789,compilers
2790,Superb attention
2791,Wordpress
2792,Woocommerce
2793,a frontend developer
2794,tailwind
2795,Prioritisation
2796,Adaptability
2797,Leisure
2798,an unfamiliar codebase
2799,composure
2800,Pardot
2801,WooCommerce
2802,MySQL experience
2803,detail  pixel perfection
2804,authentication and authorization systems
2805,identity lifecycle management
2806,ie CyberArk
2807,privileged identities
2808,PAM
2809,SAML  OAuth  OIDC
2810,production deployments
2811,ManagementJSON
2812,WebService
2813,Mule RTF
2814,Cloudbub
2815,a plusSQL CosmosDB
2816,Managed File Transfers
2817,intrusion detection
2818,intrusion behaviours
2819,SANS
2820,FOR572
2821,SSAS
2822,depot colleagues
2823,intake
2824,Investigates
2825,costbenefit judgements
2826,any other relevant documentation
2827,Tooling
2828,Premise
2829,VP
2830,EMEA
2831,APAC
2832,perf env
2833,APM Tools
2834,AppD
2835,Dyntrace
2836,Perfecto
2837,an SMEgoto person
2838,Graphite
2839,PagerDuty
2840,modernization
2841,infosec
2842,the collected metrics
2843,Dynatrace AppMon
2844,Aerospike
2845,ECS
2846,MN
2847,WFH
2848,jadebeaversleepnumbercom
2849,Threejs
2850,PlayCanvas
2851,‚ÄØGreatness
2852,js
2853,an Influencer
2854,Priceline
2855,Accountability
2856,just a motto
2857,Unquestionable integrity
2858,tandem
2859,apachenginx
2860,Varnish
2861,NodeJSPHP
2862,a DevOps
2863, DevOps
2864,buzzwords
2865,VUEJS
2866,the betterment
2867,featuredetection
2868,robust sites
2869,autoprefixer
2870,Mailgun
2871,crossteam dependenciesimpacts
2872,Collaborates
2873,Playwright
2874,NIF
2875,eg CVS
2876,SDTMs
2877,TFLs
2878,eg Define XMLPDFs
2879,2012 R22016
2880,ReactReduxTypescript
2881,NodeTypescript
2882,HTMLCSS experience
2883,specificity
2884,mod√©lisation des donn√©es
2885,rapports
2886,SSAS tabulaire
2887,y compris DAX
2888,Plateforme
2889,D√©veloppement
2890,TXT
2891,XLSX
2892, Langages de programmation
2893,Git SVN et processus de gestion des changements
2894,que CRM et ERP
2895,NetSuite OneWorld
2896,supportive egofree colleagues
2897, PTO
2898,CSR
2899,LSR
2900,the CSR
2901,dependable transportation
2902,Certificates
2903,Licenses
2904,eg ServSafe
2905,cold or warm temperature extremes
2906,overhead
2907,waist
2908,fountain syrups
2909,This handwork
2910,occasional noise
2911,Revises
2912,valid and invalid records
2913,Collects
2914,Analytical Thinking
2915,a holistic perspective
2916,the interconnectivity
2917,DNP3
2918,Modbus
2919, Commissioning
2920,voltage and speed regulation
2921,the Ordre des ing√©nieurs du Qu√©bec
2922,rotating machines
2923,excitation
2924,synchronous alternator
2925,Labview
2926,Citect
2927,iFix
2928,Iconics
2929,WonderWare
2930,Rockwell
2931,Cellular
2932,IEC61850
2933,Schneider
2934,GE
2935,Allen Bradley
2936, Fluency
2937,CleverTap
2938,other marketing pixels
2939,Adobe Creative Suite
2940,fps
2941,telemetry
2942,the ticket queue
2943,Wyoming
2944,AWS database
2945,Coroutines
2946, Flair
2947,readability
2948,SDK
2949,ESD
2950,precautions
2951,Complete documentation
2952,call allocators
2953,the expectation
2954,Desktops
2955,EPOS
2956,Laptops
2957,Printers
2958,accreditations
2959,IE HPIBMDell
2960,Punctuality
2961,Competence
2962,Data Analytics
2963,RES
2964,VBASP
2965,JUNIT
2966,REACTAWS
2967,AIML
2968,a Bachelors
2969,httpsquilinxinbarraisercommunity
2970,automatization
2971,UGNX
2972,upto
2973,30 daysimmediate joiner
2974,remedies
2975,system failures
2976,accurate estimation
2977,AWR
2978,ADDM
2979,Backup utilities
2980,RMAN
2981,EXPDPIMPDP
2982,buyins
2983,Cloudnative deployments
2984,functionals
2985,a FullStack developer
2986,perfection
2987,the prototyping
2988,the erection
2989,a driving licence
2990,weekday
2991,Grover
2992,LiteDB
2993,SQLite WORK ENVIRONMENT
2994,Reasonable accommodations
2995,disabilities
2996,no material or weatherrelated hazards
2997,BScBEBTech
2998,AppleScript
2999,BTechMTechMSc
3000,CSMCA
3001,DESIRABLE CRITERIA
3002,maven concepts
3003,firewall
3004,AWS Route
3005,Bengaluru
3006,the objectivity
3007,Cursors
3008,conditional statements
3009,Spotfire
3010,IQVIA
3011,¬∑ Sensors  camera RADAR LiDAR
3012,GPS IMU
3013,MATLAB Simulink
3014,TargetLink
3015,BSP porting
3016,bootloaders customization
3017,Aircall
3018,OOPS concepts
3019,XHTML
3020,BE B Tech MCA
3021,Hackathons
3022,encouragement
3023,Gitbitbucket
3024, NodeJS knowledge
3025,the recurrence
3026,eg Drools
3027,multitenancy concept
3028,¬†¬†¬†¬†¬†¬†Convey
3029,evaluations
3030,User authentication
3031,its workarounds
3032,MySQL ¬∑¬†¬†¬†¬†¬†¬†Experience
3033,factoring
3034, Snowflake
3035,RedshiftGood
3036, Informatica
3037,SQL datasets
3038,JPA2 Hibernate Experience
3039,aspnet
3040,mcvnet
3041,linq
3042,ms sql
3043,htmlcss
3044, Bachelors
3045,bca
3046,Zoom
3047,Magento1x
3048,Magento2x
3049,customization
3050,Magento platform
3051,BitBukcet
3052,your career trajectory
3053,JPA and Hibernate framework
3054,jpa
3055,spring mvc
3056,BTech  MCA
3057,CPQ Salesforce Developement
3058,Cloudsense and Salesforce CPQHands
3059,Heroku Salesforce
3060,PMArchitect
3061,Multithreading
3062,DevOps principles
3063,Fullstack paradigm
3064,Javascripts
3065,memory DBs
3066,Triaging
3067,Inbound Outbound requests
3068,Industrial gateway
3069,MBTCP
3070,L2L3
3071,Datacom
3072,PoC
3073,any blockers showstopper
3074,OAuth protocols
3075,GitGitHub
3076,¬†¬†¬†¬†¬†¬†Paradigm
3077,conventions
3078,egPostgreSQL
3079,OracleDB
3080,Amazon SQS
3081,plannings
3082,your resumes
3083,potential pitfalls
3084,accurate taskproject estimations
3085,image processing algorithms
3086,PythonC
3087,OpenCV
3088,VSCode
3089,Redmine
3090,wellwritten documentation
3091,UXUI
3092,ReduxFlux
3093,scheduler
3094,pseudocode
3095,tokens
3096,thread limitation
3097,RabbitMQActiveMQ
3098,STOMP
3099,ERC20
3100,EC721
3101,DeFi
3102,Metaverse
3103,NFT Marketplace
3104,Metamask
3105,swaps
3106,liquidity pools
3107,borrowing
3108,yield farming
3109,impermanent loss
3110,abovefor
3111,both relationalOracle
3112,MemSQL
3113,NoSQLMongoDB
3114,ECE
3115,EEE
3116,¬≠¬≠¬≠¬≠¬≠¬≠
3117,eg EJB
3118,MDB
3119,applicationsperformance
3120,JBoss and Cloud technologies
3121,Python libraries
3122,Kafka AWS
3123,CLR
3124,weaknesses
3125,TFVC
3126,¬†¬†¬†¬†¬†¬†¬†Analytical
3127,Test Specifications
3128,CAPL
3129,CROSpectrum analyze
3130,dSPACEVector
3131,VBnet
3132,CANoe
3133,CANalyzer
3134,CANape
3135,INCA
3136,100BASET1
3137,1000BASET1
3138,TPT
3139, LIN
3140,UDS
3141,DIOP
3142,UDPNM
3143,BachelorsMasters
3144,ElectronicsElectricalComputer
3145,Stateflow
3146,VCU
3147,BMS
3148,OBC
3149,ADAS
3150,Hitech
3151,DIO
3152,SIL
3153,Openshift
3154,K8s
3155,ASVS
3156,fuzzers
3157,q ueueing system s
3158,sanfrancisco
3159,sanjose losangeles
3160,sandiego 
3161,oakland
3162,newyork
3163,dallas houston austin seattle mexico
3164,perth
3165,shenzhen prague
3166,Brno 
3167,Ostrava
3168,estonia
3169,paris hongkong
3170,bali
3171,bandung
3172,hamburg
3173,stuttgart
3174,cologne
3175,frankfurt
3176,tokyo osaka
3177,manila
3178,poland warsaw krakow bucharest russia 
3179,capetown johannesburg
3180,korea seoul
3181,stockholm
3182,zurich
3183,bangkok chiangmai phuket
3184,hanoi
3185,karachi
3186,macedonia
3187,the cryptic nature
3188,cryptocurrencies
3189,Cryptocurrencies
3190,web3
3191,failures
3192,ActiveMQ
3193,protocolsformats
3194,AIMLDL
3195,SparkHadoop
3196,OTA
3197,your strengths
3198,Leanness
3199,Dockerization
3200,productization
3201,Caffe
3202,Torch
3203,ScikitLearn
3204,ScalaClojure
3205,ReactJSScalaSparkKafka
3206,2 DB2SQL
3207,6 Unix background
3208,FIX protocal
3209,PWA
3210,Containersclusters
3211,DelphiMySQL
3212,commuting distance
3213,Mississauga
3214,the specialty
3215,RESTFUL
3216,not manadatory
3217,Store ProceduresExperience
3218,KubernetesKnowledge
3219,PCFTools
3220,the lifeblood
3221,every Researcher
3222,the containerization
3223,JFrog XRay
3224,substantial creativity
3225, Gathers
3226,the gaps
3227,tradeshows
3228,tradeoff rationale
3229,Proponent
3230,practitioner
3231,¬† ¬† Conexiom
3232,Playback
3233,HFP call
3234,GDB
3235,Trace32
3236,QXDM
3237,MI2S
3238,TDM
3239,PCM
3240,Hypervisor
3241,diagnosisdetection
3242,CasesQueries
3243,Code Customization
3244,Automotive Grade Linux
3245,Greenhills Integrity
3246,SWHW debuggers
3247,IDEs
3248,OpenMAX
3249,NuPlayerStageFright
3250,GStreamer
3251,audio processing pipeline
3252,transcoding
3253,Embedded Linux
3254,AGL
3255,RTOSs
3256,Linux kernel knowledge
3257,V4L2
3258,GLES
3259,Codec2
3260,Linux user mode and kernel mode
3261,other RTOSs
3262,codec2
3263,Gstreamer
3264,OMX etc
3265,Tier1s
3266,ISVs
3267,eg toolchains
3268,timezones
3269, ISO26262
3270,Linux Kernel
3271, Software debug skills and mobile device integration experience
3272,campuses
3273, Monitors
3274,the comprehension
3275,database concepts
3276,NLP engineers
3277,KerasTensorflowPytorch
3278,conversational assistants
3279,classification and entity recognition
3280,CoreNLP
3281,Gensim
3282,NLTK
3283,openness
3284,processing analytics data
3285,the bot
3286,MySQLMongoDB Employment Type Fulltime
3287,a solo cruiser
3288,eg ModelViewController
3289,HTML5CSS3
3290,Apache HadoopHDFS
3291,Apache Sqoop
3292,OnPremise
3293,all the development phases
3294,Shippable
3295,SPAs
3296,a¬†Node¬†JS
3297,async
3298,Enzyme
3299,eg GoogleTest
3300,Technocrats
3301,Thales
3302,Flexlm
3303,entitlement management
3304,debuggers
3305,log analytics
3306,Kusto
3307,cosmos
3308,Snowflake utilities
3309,SnowSQL
3310,SnowPipe
3311,snowflake
3312,ADLS
3313,PAAS
3314,OOP concepts
3315,GIT commands
3316,availabilityAnalyse
3317,toolsContribute
3318,Mentor and train engineers
3319,scriptingautomation
3320,GitFlow
3321,webserver
3322,PostGres
3323,SQLServer
3324,tomcat
3325,Regression
3326,inclination
3327,Deal booking system
3328,Kondor
3329,CVBNET
3330,ambitions
3331,Capgemini
3332,a rota basis
3333,CDS
3334,DSPs
3335,other Ad Tech capabilities
3336,identity graph
3337,XDM
3338,CDPs
3339,audience segmentation
3340,activation
3341,multichannel campaign management
3342,AWS AuroraDynamo DBRedshift or Azure alternatives
3343,Microsoft Azure Certifications
3344,the Syracuse area
3345,our Syracuse location
3346,SC Clearance
3347,SAP Lumira
3348,SAP Analytics Cloud
3349,24x7 availability
3350,SEITs
3351,GitGitHubGitLab
3352,crons
3353,fullscale production deployments
3354,SOLIDITY
3355,Quorum
3356,cyberattacks
3357,"
        Bachelors"
3358,Test Scenarios
3359,other KPI
3360,Test Harnesses
3361,WebDriverIO
3362,Neoload
3363,K6
3364,Artillery
3365,handover documentation
3366,Sale Specialists
3367,Cisco
3368,Palo
3369,Aruba
3370,Ekahau
3371,Maraki
3372,Virgin Media‚Äôs Cisco Gold requirement
3373,the FMCBSO NOC
3374,testingtroubleshooting
3375,Cisco CCNA
3376,Administering Cisco Solutions
3377,CRB
3378,Schemas
3379,billing
3380,graphdb
3381,Neo4j MongoDb
3382,InfluxDb
3383,PostGIS
3384,Cypher
3385,Cloud deployments infrastructure
3386,Livewire
3387,Alpinejs
3388,Dependability
3389,100
3390,a Bachelor
3391,VSS
3392,CBRE
3393,PLpgSQL
3394,Indexing strategies
3395,OODOOA
3396,Strong humility
3397,both EVM and nonEVM compatible chains
3398,interactig
3399,1s
3400,Avalanche
3401,Fantom
3402,BSC
3403,Terra
3404,Cosmos
3405,Polkadot
3406,Figment
3407,paramount
3408,the shaping
3409,interrelationships
3410,Track exceptions
3411,eg security gaps
3412,their recurrence
3413,JiraConfluence
3414,MS Teams ‚óè¬†WebApplication Servers
3415,at least 3 yrs experience
3416,‚óè Contribution
3417,Testers
3418,SynapseDW
3419,Azure Stream Analytics
3420,ADF
3421,at least 5 yrs
3422,clearly defined segments
3423,Storm Surge
3424,Inland Flood Models
3425,Doctrine
3426,Cloudwatch
3427, Containerisation
3428,MVI
3429,Coroutine
3430,Dagger HILT
3431,Retrofit
3432,Jetpack
3433,good willingness
3434, Obsession
3435,algorithmic trading
3436,FX
3437,futures
3438,eg HTML5
3439,VPCs
3440,subnets
3441,PrivateLink
3442,CloudTrail
3443,AWS certification
3444,Elasticsearch  ELK stack
3445,other interns
3446,SelfLearner
3447,one Vonage office location
3448,TestRail
3449,differentiation
3450,aerospace
3451,Snap‚Äôs augmented reality platform
3452,MemcacheRedis
3453,Haber trabajado bajo
3454,TerraformAnsibleCloudformation
3455,JenkinsGitlab
3456,MATLAB or Labview experience
3457,warranty
3458,Six Sigma
3459,configurators
3460,UE4
3461,ARVR
3462,optimisation
3463,the UE4 environmentframework
3464,Blueprints
3465,bespoke nodesfunctionality
3466,BP
3467,"
        Daily tasking"
3468,XML parsers
3469,virtualisation
3470,the postholder
3471,Delphi
3472,Firebird
3473,Vitrue
3474,DevOps and Software Craftsmanship
3475,health informatics
3476,one or more RDBMSs
3477,medical informatics
3478,NIST
3479,TSR
3480,internationally recognised membership
3481,approximately 700 employees
3482,conferencing
3483,AV
3484,CCNA Security
3485,CSSLP
3486,CEHCPT
3487,desirable HNDHNCNVQCG
3488,Procs
3489,Triggers
3490,bcpBULK INSERT
3491,other flavours
3492,postgres
3493,brokers
3494,Zend
3495, Tech stack
3496,DDLDML
3497,biochemistry
3498,primary Value Assignments
3499,eg Calibration
3500,IQC
3501,accurate incorporation
3502,QARA
3503,MatLab
3504,other SDEs
3505,writingdebugging
3506, Houdini
3507,USD
3508,OpenGL
3509,Qt
3510,Design Principals
3511,patches
3512,the ‚ÄúLegacy Quorum
3513,NuGet
3514,characterization
3515,wafer
3516,correlation
3517,repeatability
3518,Preferably a minimum
3519,CCVBA
3520,CTT
3521,the Statistician
3522,pooled datasets
3523,eCTD
3524,Definexml
3525,SAE
3526,M365
3527,compatibility clarifications
3528,Microsoft M365
3529,accurate and up to date documentation
3530,preparedness
3531,Microsoft Azure  Public Cloud
3532,AZ303
3533,AZ304
3534,AZ500
3535,AZ400
3536, AWS CSA
3537,ECMS1
3538,ECMS2
3539,CBROP
3540,MD101
3541,MS101
3542,Other advanced certifications
3543,Sizing
3544,Microsoft Endpoint Management
3545,wireless communications tools
3546,dedication
3547,EST timings
3548,0630 PM IST
3549,0230 AM IST
3550,Daylight Saving
3551,at least 50 Mbps Internet Upload
3552,Yearly Bonus
3553,Overtime
3554,the prospecting
3555,CTOsCIOs
3556,Stakeholder engagement
3557,Eventing and Messaging MiddlewareIntegration
3558,TIBCO EMSRV
3559,Pulsar
3560,EDA API
3561,SOA concepts
3562,BitcoinEthereumBlockchain
3563,BashComputer
3564,requirements Debug issues
3565,its quirks
3566,TypeORM
3567, Preferences
3568,multiskilling electrics
3569,pneumatics
3570,platform enhancements
3571,ContextAPI
3572,Minumum
3573,Backendservices
3574,AZURE
3575,midtier JAVA
3576,Primefaces
3577,22PrimeFaces
3578,fuzzing
3579,Cryptography
3580,exploits
3581,GCPAzure
3582,the org
3583,deployment management
3584,Some DevOps
3585,ORNL
3586,photogrammetrists
3587,geographers
3588,mathematicians
3589,physicists
3590,geospatial computing
3591,Postgresql
3592,GitGitFlow
3593,Asana
3594,WSAP
3595,WSAP positions
3596,geomatics
3597,presales
3598,the Epicor organisation
3599,Jitterbit
3600,upstream and downstream system interactions
3601,diagnostic frameworks
3602,Reuses
3603,manageability
3604,Implements
3605,JSPs
3606,Apache CXF
3607,EJBs
3608,Jenkin
3609,Session Faade
3610,independent deployments
3611,accurate and timely documentation
3612,dexterity
3613,QlikView
3614,Design circuits
3615,EMC
3616,ASIC
3617,digital signal processing concepts
3618,assembler
3619,a comfortable indoor area
3620,user and services authorization
3621, DBA
3622,LINUX  BASH SCRIPTING
3623,GITDOCKERLARAVELJENKINSAWS  KUBERNETES
3624,KUBECTLOracle PLSQL  MS TSQL
3625,a Software Architect
3626,talents
3627,Linuxnix
3628,RFIRFP responses
3629,the MediaMath platform
3630,Collaboratively
3631,RTB
3632,DMP
3633,AngularIonic
3634,terrabytes
3635,Design configurable platform
3636,Versioning
3637,HTMLCSSJavaScript
3638,parquet
3639,Cloudwatch alarms
3640,CICD  GIT
3641,learnings
3642,coding assignments
3643,Drools
3644,drawbacks
3645,bluegreen deployments
3646,any other Microsoft Azure resources
3647,the accountability
3648,predictability
3649,35 yrs
3650,a Linux platform
3651,actionable assignments
3652,Flowable
3653,Kapow
3654,Pentaho
3655,Mule
3656,EcmaScript
3657,¬†AWS
3658,BEBtech
3659,serverless technologies
3660,RedisElasticache
3661,Dynamics CRM experience
3662,threads
3663,Memory leaks
3664,‚óè Knowledge
3665,MongoDBCouchbase
3666,rabbitmq
3667,Knowledge Docker
3668,DevOps knowledge
3669,KolkataBangaloreGurgaon
3670,DevOps methodology
3671,TensorflowKeras
3672,model prediction
3673,one‚Äôs sleeves
3674,10years
3675,Eclipse IDE
3676, SFDC Certification
3677,SalesforceDX
3678,DevOps capabilities
3679,¬†Bangalore
3680,Line Org BAU
3681,ATF
3682,cloning
3683,primarily JiraConfluence
3684,CISHR
3685,ServiceNow Knowledge
3686,geographic locations
3687,formerly VSTS
3688,rails
3689,Responsibilities Mentor
3690,SSPs
3691,DMPs
3692,Analytical
3693,Debugging Skills
3694,ASPNet core
3695,Webforms
3696,C OOPS Concept
3697,the MaciOS platform
3698,CFNetwork
3699,JSON XML
3700,css libraries
3701,materialUI
3702,flexbox concepts
3703,scss Javascript fundamentals
3704, hooks
3705,Dashboard
3706,schema
3707,flexbased widgets
3708,Reports rationalization
3709,Native Programming languages
3710,Dart SDK
3711,dio
3712,Crashlytics
3713,notification
3714,Mapbox
3715,all quadrants
3716,the Agile Test Quadrant
3717,eg JAVA
3718,disassemblers
3719,Mentoring others
3720,a PHPCodeIgniterLaravel Developer
3721,RDMS
3722,Liquibase
3723,IntelliJ Idea
3724,modulesfeatures
3725,CDN
3726,Auto Scaling
3727,the AWS APIs
3728,JScript
3729,Scripts
3730,react concepts
3731,Lumira
3732,NoSQL MongoDB
3733,PortgresSQL
3734,crisp documentation
3735,iterative improvements
3736,¬† Attractive salary compensation
3737,Iteratively
3738,¬†¬†MongoDB ¬†Redis Experience
3739,eg TDD
3740,deploymentpublishing
3741,AWSAzure
3742,a recurrence
3743,üèó
3744,the founders
3745,early believers
3746,100s
3747,Toplyne
3748,a profitable growing company
3749,Qualifications  Skillsets
3750,OpenStack
3751,CloudFoundry
3752,ETFs
3753,Factset
3754,Reuters
3755,a consumer internet startup
3756,A Constant selflearner
3757,Flair
3758,Lateral thinking
3759,SSAS cubes
3760, ‚Ä¢ DAX
3761,eg GIT
3762, ‚Ä¢ Documenting workprocedures
3763,a robust design
3764,crossbrowser compatibility
3765,Immediate joiners
3766,the right tradeoffs
3767,agreedupon timelines
3768,reasonably accurate estimates
3769,jQueryJavaScript
3770,GitVSTS
3771,ansible roles
3772,neighboring cities
3773,Ethernet TCPIP
3774,BASH
3775,Snort
3776,Squid
3777,opensource Firewalls
3778,pfSense
3779,Vyatta
3780,UFW
3781,Stored Procedures
3782,permissions
3783, CANFD
3784,AUTOSAR
3785,CAN gateway module
3786,UDS diagnostic
3787,EBVector
3788,Autosar
3789,cli
3790,JenkinsHudson
3791,Harness
3792,AIMLAnalytics
3793,interoperability
3794,Ext JS
3795,BackboneJS
3796,Template libraries
3797,graphic toolkits
3798,graphs
3799,inais next generation
3800,TDD methodologies
3801,inai
3802,robust unittests
3803,checkouts
3804,Maropost
3805,profiles
3806,Subnet Mask
3807,Static Route
3808,Setup Printers
3809,Scanners
3810,miscellaneous jobrelated duties
3811,LAN  WAN
3812,wireless AP
3813,MacOSUnix
3814,HubSpot
3815,Gainsight
3816,webbased user interactions
3817,a reactjs developer
3818,support platform compatibility
3819,Min 812 yrs
3820,Colocated Datacenter Design
3821,enterprise networking
3822,production readiness
3823,encapsulation
3824,TTD
3825,eg Elasticsearch
3826,Solr
3827,ApplicationWeb Servers
3828,MongoDynamo Helpful
3829,GIT Hub
3830,topnotch professionals
3831,KPI
3832,Design layouts
3833,scorecards
3834,sequences
3835,DAX
3836,computer scienceInformation technology OR equivalent qualification
3837,TableauQlik
3838,concept formalization
3839,RESTWebAPI
3840,Messaging
3841,eg OAuth
3842,OpenIDConnect
3843,WSSecurity
3844,X509
3845,Ubuntu
3846,Ubuntu rates
3847,JVMbased innovation
3848,Debug issues
3849,KnowledgeWillingness
3850,Allscripts
3851,a diverse and inclusive workforce
3852,the flavors
3853,CentOS
3854,Fedora
3855,Rhel
3856,log4jSlf4j
3857,JavaScriptHTMLCSS
3858,Jenkins Knowledge
3859,MongoDB  Cassandra Knowledge
3860,Linux Software Integration
3861,wrappers
3862,OpenEmbeddedCore Project
3863,OECore
3864,OEdev
3865,Yocto Project
3866,OpenSource
3867,the Automotive industry
3868,GNU
3869,cmake
3870,gcc
3871,expert knowhow
3872,Bitbake
3873,CruiseControl
3874,Lint
3875,Beneficial background
3876,internal initiatives
3877,trainingmentoring
3878,the desired outcomes
3879,AndroidTV
3880,FireTV
3881,Chromecast
3882,VRAR
3883,a plusExperience
3884,optimizationAbility
3885,mobile device variants
3886,constraintsExperience
3887,ReactNative HTMLJS
3888,ObjCSwift
3889,Test Driven DevelopmentMust
3890,DRM
3891,OVPs
3892,beneficialExperience
3893,BE  B Tech
3894,Jetpack libraries
3895,Preferred qualifications
3896,Barracuda engineers
3897,Barracuda appliances
3898,bootloader kernel libraries
3899,buildautomation
3900,roadmap and strategy discussions
3901,bootloaders
3902,Entity framework
3903,Knowledge inGraph QL
3904,Nestjs
3905,¬†Sequelize
3906,Elastic Container Service
3907,raw datasets
3908,listings
3909,statisticians
3910,soft wares
3911,analyticsdata science
3912,Charismatic personality
3913,natural curiosity
3914,buyout
3915,K8
3916,MicronautKotlin
3917,uptime
3918,development roadblocks
3919,terminalCLI
3920,SCOM
3921,JEEJava
3922,GraphDB
3923,Microfocus Octane
3924,Katalon
3925,Microfocus Loadrunner
3926, XML
3927,Algorithm Design
3928,interfacesConcurrency
3929,testingClean
3930,a CRM company
3931,Salesforce Certifications
3932,JS  features
3933,Smartwatch
3934,the ThingSpace IoT platform
3935,NodejsExperience
3936,platformEndeca
3937,SOLR
3938,tokenizationExtension
3939,WCMS
3940,EhCache
3941,Bazaarvoice
3942,etcJIRA
3943,Dataoriented personality
3944,PI
3945,ZookeperNoSQL
3946,QlikViewETL
3947,NiFi
3948,StreamsetsOperation
3949,ElasticsearchELKInMemory
3950,Ignite
3951,Cubes
3952,SageMaker
3953,ZeroMQ RabbitMQRest
3954,SBT
3955,GradleDocker
3956,websockets
3957,scss
3958,flux
3959,ReduxAngularJSRxJSVirtual
3960,ReduxKnowledge
3961,Adaptive
3962,accessible semantic markup
3963,JS Java
3964,APICI
3965,the SDLCUnit TestingDatabases
3966,Defects documentation
3967,SOAPUI
3968,FlaskDjango
3969,AWS\
3970,GPFS
3971,Configuration management
3972,GITStash
3973,Ganglia
3974,NFSSAMBAGPFSLustre
3975,Provisioning
3976,Foreman
3977,RedHat Satellite
3978,webhooks
3979,Enablement
3980,SQLNice
3981,JMSMQ
3982,SplunkDynatrace
3983,CSS3Experience
3984,optimizing
3985,MainframeBackend Systems  Knowledge
3986,SmartBear
3987,Serenity
3988,B2
3989,higherClient
3990,ERC721
3991,ERC1155
3992,Solidity contracts
3993,Polygon
3994,Slither
3995,Echidna
3996,Mythril
3997,LINUX
3998,IIC
3999,verilog
4000,RTL
4001,GPUs
4002,FPGAs
4003,a Deep Learning frameworks
4004,eg Pytorch
4005,Amgen
4006,grievous illnesses
4007,bioinformatics
4008,cheminformatics
4009,validations
4010,PPAP documentation
4011,APQP
4012,FMEA
4013,NCEPrototype
4014,the root cause investigations
4015,the containments
4016,scrap
4017,8D
4018,PFMEA
4019,a heightened focus
4020,prompt
4021,accurate documentation
4022,tracker
4023,escalator
4024,both specs
4025,RFIRFP
4026,SLAs
4027,Adeptness
4028,upgrading
4029,Readiness
4030,OAM
4031,eNodeBgNodeB Software
4032, IPSec
4033,SCTP
4034,PTP
4035,Fronthaul
4036,Midhaul
4037,Backhaul
4038,AWS IoT
4039,EKSECS
4040,SagemakerStep FunctionECSLambdas
4041,warping
4042,Board Software Packages
4043,BSPs
4044,OpenVG
4045,hashing
4046,AZ203
4047,branching strategies
4048, AWS primitives
4049, Kotlin
4050,your local and broader practice
4051,updating
4052,RxSwift
4053,Geography
4054,ArcMap
4055,Sonders reporting dashboards
4056,Sonder‚Äôs business KPIs
4057,feature extraction
4058,inbound requests
4059,ETL jobs
4060,Commercial and LeadershipMentorship exposure
4061,ReactRedux
4062,the 24x7 availability
4063,change workflows
4064,Complete selfpaced and online professional training
4065,failoverdisaster recovery
4066,a degreediploma
4067,initial specification
4068, Excellent teamwork
4069,DDP
4070,DockerContainer
4071,lockdowns
4072,a definite Plus
4073,USB interface
4074,the VITA
4075,IVI
4076,multimeter
4077,Selfstartermotivator
4078,Outstanding work ethic
4079,MSAZ
4080,a TELCO world
4081,Wireline
4082,communications protocols
4083,BGP ISIS
4084,Segment Routing
4085,EVPN
4086,etcÔªø Strong aptitude
4087,inboundoutbound inter  intra region
4088,laptops
4089,troubleshootingresolution
4090,OneDrive
4091,WIM files
4092,Driver Packages
4093,Customized Task Sequences
4094,UEFIBIOS
4095,boardrooms
4096,ATP
4097,AAD
4098,AAD connect
4099,M365 tenantapplications
4100,ProPlus
4101,Smartphones
4102,tablets
4103,PIPEDA
4104,PHIPA
4105,SOC2
4106,IaaC
4107,AnsibleTerraform
4108, Managing endpoints
4109,Logitech
4110,Poly  Design
4111,JavaJavaScriptGroovyPython
4112,MVCRazor page
4113,HTMLSASSCSS
4114, Langages
4115,J avaScript
4116, Banques de donn√©es
4117,exploitation
4118,HL7 FHIR
4119,RedHat OpenShift
4120,iterative project management concepts
4121,HL7
4122,IFRS
4123,the calculation
4124,Basel II
4125,SAS Base
4126,LCHH formatmodel
4127,HTMLCSSPhP
4128,no onboarding
4129,surf
4130,Accomplishments
4131,Perks
4132,clockwork
4133,the collective brilliance
4134,NoSQLKV Stores
4135,Messaging Queuing Services
4136,Boundless positivity
4137,Statflo
4138, Accommodations
4139,Brightscript Scenegraph
4140,beneficial HTMLJS
4141,Bitbucket  Git
4142,CMIS
4143,related documentation
4144,notably the register map
4145,Leadership qualities
4146,Actalent
4147,all applicants
